徐汇,徐家汇,振兴小区（徐汇）,2室0厅,52平,高区/5层,6000,http://sh.lianjia.com/zufang/shz4095287.html
徐汇,康健,漕泾一村,2室0厅,57平,低区/6层,5500,http://sh.lianjia.com/zufang/shz4057253.html
徐汇,龙华,申航小区,2室1厅,51平,中区/6层,5700,http://sh.lianjia.com/zufang/shz4003487.html
徐汇,建国西路,岳阳大楼,2室1厅,62平,高区/14层,9400,http://sh.lianjia.com/zufang/shz4001115.html
徐汇,徐家汇,谨斜小区,2室1厅,62平,高区/6层,7500,http://sh.lianjia.com/zufang/shz3967965.html
徐汇,建国西路,岳阳大楼,2室1厅,63平,中区/14层,8500,http://sh.lianjia.com/zufang/shz3954949.html
徐汇,田林,田林九村,2室1厅,63平,低区/6层,5800,http://sh.lianjia.com/zufang/shz3928200.html
徐汇,徐家汇,气象局小区,2室0厅,58平,中区/3层,6500,http://sh.lianjia.com/zufang/shz3850222.html
徐汇,万体馆,天钥新村,2室1厅,50平,高区/6层,6500,http://sh.lianjia.com/zufang/shz3458679.html
徐汇,田林,田林十一村,2室1厅,50平,低区/6层,5800,http://sh.lianjia.com/zufang/shz4112312.html
徐汇,徐家汇,冶金大楼,2室1厅,60平,中区/10层,6900,http://sh.lianjia.com/zufang/shz4039007.html
徐汇,田林,田林十一村,2室1厅,50平,高区/6层,5100,http://sh.lianjia.com/zufang/shz4095737.html
徐汇,龙华,狮城花苑,2室1厅,60平,高区/6层,4600,http://sh.lianjia.com/zufang/shz4092151.html
徐汇,上海南站,金牛苑,2室1厅,65平,中区/6层,5500,http://sh.lianjia.com/zufang/shz4061041.html
徐汇,徐家汇,漕溪大楼,2室0厅,55平,高区/17层,6500,http://sh.lianjia.com/zufang/shz4051997.html
徐汇,徐家汇,乐山路6号,2室1厅,57平,低区/18层,6300,http://sh.lianjia.com/zufang/shz4006280.html
徐汇,徐家汇,宛平南路170弄,2室1厅,55平,低区/6层,7200,http://sh.lianjia.com/zufang/shz3977450.html
徐汇,徐家汇,乐山大楼,2室1厅,64平,高区/24层,7100,http://sh.lianjia.com/zufang/shz3866707.html
徐汇,康健,康乐小区（徐汇）,2室1厅,61平,中区/6层,4500,http://sh.lianjia.com/zufang/shz3844663.html
徐汇,龙华,上缝小区,2室1厅,54平,高区/6层,5200,http://sh.lianjia.com/zufang/shz4103600.html
徐汇,万体馆,天钥新村,2室1厅,53平,中区/6层,5800,http://sh.lianjia.com/zufang/shz4103290.html
徐汇,康健,康健路25弄,2室1厅,60平,中区/5层,5800,http://sh.lianjia.com/zufang/shz4102639.html
徐汇,徐家汇,凯旋一村,2室1厅,58平,中区/7层,6700,http://sh.lianjia.com/zufang/shz4102583.html
徐汇,衡山路,永嘉大楼,2室2厅,69平,高区/15层,10500,http://sh.lianjia.com/zufang/shz4097912.html
徐汇,康健,康强坊,2室1厅,58平,低区/4层,5500,http://sh.lianjia.com/zufang/shz4076575.html
徐汇,华东理工,梅陇四村,2室1厅,69平,高区/19层,4300,http://sh.lianjia.com/zufang/shz4073063.html
徐汇,康健,樱花园（徐汇）,2室1厅,57平,高区/6层,5200,http://sh.lianjia.com/zufang/shz4070770.html
徐汇,徐家汇,谨斜小区,2室0厅,58平,高区/6层,6800,http://sh.lianjia.com/zufang/shz4056820.html
徐汇,建国西路,建西小区,2室1厅,57平,高区/6层,8500,http://sh.lianjia.com/zufang/shz4055936.html
徐汇,华东理工,梅陇七村,2室0厅,52平,中区/6层,4400,http://sh.lianjia.com/zufang/shz4051197.html
徐汇,衡山路,茂龄别墅（公房）,2室1厅,51平,高区/6层,7800,http://sh.lianjia.com/zufang/shz4036677.html
徐汇,徐家汇,乐山八九村,2室1厅,66平,高区/18层,7500,http://sh.lianjia.com/zufang/shz3958830.html
徐汇,徐家汇,文定路85号,2室1厅,50平,中区/6层,7000,http://sh.lianjia.com/zufang/shz3915363.html
徐汇,华东理工,梅陇四村,2室1厅,50平,低区/6层,4300,http://sh.lianjia.com/zufang/shz3910055.html
徐汇,康健,花苑村丁香园,2室1厅,60平,高区/6层,4600,http://sh.lianjia.com/zufang/shz3770292.html
徐汇,斜土路,清真路69号,2室1厅,53平,中区/6层,6500,http://sh.lianjia.com/zufang/shz4116051.html
徐汇,龙华,宛南四村,2室1厅,61平,中区/5层,5800,http://sh.lianjia.com/zufang/shz4111095.html
徐汇,万体馆,漕溪四村,2室1厅,56平,高区/6层,5500,http://sh.lianjia.com/zufang/shz4122158.html
徐汇,漕河泾,钦江大楼,2室1厅,67平,中区/16层,6500,http://sh.lianjia.com/zufang/shz4121407.html
徐汇,徐家汇,乐山八九村,2室1厅,66平,中区/18层,6000,http://sh.lianjia.com/zufang/shz4116972.html
徐汇,徐家汇,乐山八九村,2室1厅,66平,中区/18层,6000,http://sh.lianjia.com/zufang/shz4116972.html
徐汇,康健,寿山坊,2室1厅,63平,中区/6层,5500,http://sh.lianjia.com/zufang/shz4116822.html
徐汇,康健,樱花园（徐汇）,2室1厅,53平,低区/6层,4800,http://sh.lianjia.com/zufang/shz4059010.html
徐汇,植物园,东泉小区,2室1厅,63平,中区/6层,3000,http://sh.lianjia.com/zufang/shz4013062.html
徐汇,斜土路,茶陵小区,2室1厅,54平,中区/6层,6290,http://sh.lianjia.com/zufang/shz4116765.html
徐汇,徐家汇,漕溪大楼,2室1厅,54平,高区/14层,6580,http://sh.lianjia.com/zufang/shz4109737.html
徐汇,康健,康健路100弄,2室1厅,70平,中区/5层,5500,http://sh.lianjia.com/zufang/shz4093276.html
徐汇,徐家汇,乐山六七村,2室1厅,51平,高区/7层,6700,http://sh.lianjia.com/zufang/shz4089764.html
徐汇,万体馆,金谷园,2室2厅,64平,中区/6层,6000,http://sh.lianjia.com/zufang/shz4088504.html
徐汇,建国西路,建国西路358弄,2室1厅,56平,高区/6层,8500,http://sh.lianjia.com/zufang/shz4061306.html
徐汇,康健,康健路24弄,2室1厅,59平,高区/7层,5300,http://sh.lianjia.com/zufang/shz4050462.html
徐汇,龙华,周家湾小区,2室1厅,56平,高区/6层,5200,http://sh.lianjia.com/zufang/shz4036833.html
徐汇,徐家汇,天平小区,2室0厅,57平,中区/20层,7800,http://sh.lianjia.com/zufang/shz4033816.html
徐汇,徐家汇,谨斜小区,2室1厅,53平,高区/5层,5500,http://sh.lianjia.com/zufang/shz3981068.html
徐汇,斜土路,汽联大厦,2室1厅,65平,高区/16层,6800,http://sh.lianjia.com/zufang/shz3974288.html
徐汇,万体馆,龙山新村,2室1厅,66平,中区/6层,6500,http://sh.lianjia.com/zufang/shz3918834.html
徐汇,康健,党校居民小区,2室1厅,56平,中区/5层,5700,http://sh.lianjia.com/zufang/shz3823036.html
徐汇,康健,花苑村丁香园,2室1厅,65平,低区/6层,5000,http://sh.lianjia.com/zufang/shz4111029.html
徐汇,徐家汇,东安大楼（徐汇）,2室1厅,69平,中区/7层,7000,http://sh.lianjia.com/zufang/shz4106838.html
徐汇,徐家汇,乐山八九村,2室1厅,62平,低区/20层,6800,http://sh.lianjia.com/zufang/shz4065656.html
徐汇,建国西路,岳阳路77弄,2室1厅,52平,中区/6层,9000,http://sh.lianjia.com/zufang/shz4058908.html
徐汇,徐家汇,宛平南路500弄,2室0厅,53平,中区/6层,5800,http://sh.lianjia.com/zufang/shz4045488.html
徐汇,康健,漕泾一村,2室0厅,58平,中区/6层,5500,http://sh.lianjia.com/zufang/shz4010930.html
徐汇,康健,文馨苑,2室1厅,54平,高区/6层,5200,http://sh.lianjia.com/zufang/shz3742572.html
徐汇,华泾,馨宁公寓,2室1厅,62平,高区/29层,4500,http://sh.lianjia.com/zufang/shz4082070.html
徐汇,上海南站,汇成四村,2室1厅,58平,中区/6层,4300,http://sh.lianjia.com/zufang/shz4056921.html
徐汇,康健,长兴坊,2室1厅,57平,中区/6层,5300,http://sh.lianjia.com/zufang/shz4045114.html
徐汇,康健,长兴坊,2室1厅,60平,中区/6层,5600,http://sh.lianjia.com/zufang/shz4035920.html
徐汇,华东理工,梅陇五村,2室1厅,60平,中区/6层,4000,http://sh.lianjia.com/zufang/shz3985045.html
徐汇,长桥,长桥五村,2室1厅,66平,低区/24层,4500,http://sh.lianjia.com/zufang/shz3953407.html
徐汇,万体馆,龙吴路11弄,2室1厅,54平,中区/6层,5560,http://sh.lianjia.com/zufang/shzr100027227.html
徐汇,上海南站,华东花苑,2室1厅,68平,高区/6层,5350,http://sh.lianjia.com/zufang/shzr100026109.html
徐汇,上海南站,罗城小区,2室1厅,69平,低区/6层,5200,http://sh.lianjia.com/zufang/shz4098835.html
徐汇,徐家汇,乐山八九村,2室1厅,66平,低区/20层,8000,http://sh.lianjia.com/zufang/shz4048239.html
徐汇,徐家汇,石油公寓,2室1厅,57平,低区/18层,7600,http://sh.lianjia.com/zufang/shz4026001.html
徐汇,徐家汇,上影公寓,2室1厅,50平,中区/18层,6500,http://sh.lianjia.com/zufang/shz3992418.html
徐汇,龙华,协昌小区,2室1厅,67平,高区/24层,6200,http://sh.lianjia.com/zufang/shz3964772.html
徐汇,上海南站,华东花苑,2室1厅,68平,高区/6层,5350,http://sh.lianjia.com/zufang/shz4121157.html
徐汇,龙华,丰谷路315弄,2室1厅,51平,低区/6层,5330,http://sh.lianjia.com/zufang/shz4115782.html
徐汇,衡山路,湖南路298弄,2室1厅,66平,中区/6层,9000,http://sh.lianjia.com/zufang/shz3923330.html
徐汇,康健,万象园,2室1厅,65平,低区/7层,6000,http://sh.lianjia.com/zufang/shz4107599.html
徐汇,康健,文馨苑,2室2厅,68平,高区/6层,8000,http://sh.lianjia.com/zufang/shz4104975.html
徐汇,万体馆,龙华西路309弄,2室1厅,63平,低区/4层,6200,http://sh.lianjia.com/zufang/shz4091562.html
徐汇,万体馆,漕溪二村,2室1厅,50平,低区/6层,5400,http://sh.lianjia.com/zufang/shz4051711.html
徐汇,徐家汇,衡山路696弄,2室2厅,57平,高区/5层,13000,http://sh.lianjia.com/zufang/shz4000651.html
徐汇,徐家汇,南丹小区,2室1厅,63平,中区/7层,7500,http://sh.lianjia.com/zufang/shz3991017.html
徐汇,衡山路,长乐路1121弄,2室2厅,70平,高区/5层,9300,http://sh.lianjia.com/zufang/shz3876125.html
徐汇,华东理工,梅陇九村,2室1厅,55平,中区/6层,3900,http://sh.lianjia.com/zufang/shz4036264.html
徐汇,长桥,长桥一村,2室0厅,54平,高区/5层,3600,http://sh.lianjia.com/zufang/shz4024835.html
徐汇,田林,田林十二村,2室1厅,50平,中区/6层,6120,http://sh.lianjia.com/zufang/shzr100028745.html
徐汇,徐家汇,斜土路2200弄,2室1厅,50平,低区/6层,6000,http://sh.lianjia.com/zufang/shzr100028430.html
徐汇,徐家汇,双峰路8弄,2室1厅,51平,中区/6层,6090,http://sh.lianjia.com/zufang/shzr100028380.html
徐汇,上海南站,金牛苑,2室1厅,62平,低区/6层,2860,http://sh.lianjia.com/zufang/shzr100028299.html
徐汇,龙华,丰谷路315弄,2室1厅,51平,低区/6层,5330,http://sh.lianjia.com/zufang/shzr100028250.html
徐汇,龙华,天龙苑,2室1厅,65平,中区/7层,2630,http://sh.lianjia.com/zufang/shzr100028228.html
徐汇,斜土路,大木小区,2室1厅,52平,高区/6层,6290,http://sh.lianjia.com/zufang/shzr100027064.html
徐汇,衡山路,兴国路271弄,2室1厅,53平,中区/6层,7660,http://sh.lianjia.com/zufang/shzr100026317.html
徐汇,康健,花苑茶花园,2室1厅,58平,高区/6层,2360,http://sh.lianjia.com/zufang/shzr100004608.html
徐汇,龙华,海波花苑,2室0厅,51平,高区/6层,5500,http://sh.lianjia.com/zufang/shz4042609.html
徐汇,徐家汇,科汇公寓,2室1厅,59平,高区/25层,8000,http://sh.lianjia.com/zufang/shz3460377.html
徐汇,华泾,馨宁公寓,2室1厅,62平,低区/29层,4500,http://sh.lianjia.com/zufang/shz4096617.html
徐汇,长桥,长桥新村,2室1厅,50平,中区/5层,4500,http://sh.lianjia.com/zufang/shz4085657.html
徐汇,华东理工,书香苑,2室1厅,59平,中区/6层,4200,http://sh.lianjia.com/zufang/shz4085435.html
徐汇,华泾,华欣家园,2室1厅,61平,中区/6层,3700,http://sh.lianjia.com/zufang/shz4083421.html
徐汇,上海南站,汇成四村,2室0厅,50平,中区/6层,4500,http://sh.lianjia.com/zufang/shz4069820.html
徐汇,华泾,紫阳花苑,2室1厅,55平,中区/6层,4500,http://sh.lianjia.com/zufang/shz4042266.html
徐汇,华泾,华泾五村,2室1厅,62平,中区/6层,4200,http://sh.lianjia.com/zufang/shz4026664.html
徐汇,上海南站,汇成二村,2室0厅,53平,低区/6层,4300,http://sh.lianjia.com/zufang/shz4011385.html
徐汇,长桥,长桥四村,2室1厅,52平,中区/7层,4000,http://sh.lianjia.com/zufang/shz4008946.html
徐汇,华泾,盛华景苑,2室1厅,68平,高区/18层,3700,http://sh.lianjia.com/zufang/shz3941848.html
徐汇,上海南站,汇成二村,2室1厅,52平,高区/6层,4000,http://sh.lianjia.com/zufang/shz3914514.html
徐汇,植物园,园南二村,2室1厅,56平,高区/6层,3700,http://sh.lianjia.com/zufang/shz3896764.html
徐汇,植物园,园南二村,2室1厅,60平,高区/6层,4000,http://sh.lianjia.com/zufang/shz3870863.html
徐汇,华泾,华泾五村,2室1厅,60平,中区/6层,4200,http://sh.lianjia.com/zufang/shz3851640.html
徐汇,长桥,罗秀二村,2室1厅,56平,中区/6层,4200,http://sh.lianjia.com/zufang/shz3742070.html
徐汇,华东理工,兴荣苑,2室1厅,66平,高区/6层,4500,http://sh.lianjia.com/zufang/shz3411366.html
徐汇,龙华,龙南三四村,2室1厅,68平,中区/7层,4500,http://sh.lianjia.com/zufang/shz4105746.html
徐汇,康健,樱花园（徐汇）,2室1厅,53平,高区/6层,4500,http://sh.lianjia.com/zufang/shz4104900.html
徐汇,康健,花苑村桂花园,2室1厅,60平,高区/6层,5800,http://sh.lianjia.com/zufang/shz4088105.html
徐汇,徐家汇,上影公寓,2室1厅,69平,高区/18层,7200,http://sh.lianjia.com/zufang/shz4084943.html
徐汇,华东理工,凌云新村,2室1厅,68平,高区/6层,4600,http://sh.lianjia.com/zufang/shz4081479.html
徐汇,康健,寿祥坊,2室1厅,55平,高区/6层,4700,http://sh.lianjia.com/zufang/shz4079267.html
徐汇,徐家汇,乐山八九村,2室0厅,66平,中区/18层,7000,http://sh.lianjia.com/zufang/shz4078077.html
徐汇,徐家汇,漕溪大楼,2室1厅,54平,低区/14层,6800,http://sh.lianjia.com/zufang/shz4077940.html
徐汇,斜土路,大木小区,2室1厅,51平,高区/6层,6499,http://sh.lianjia.com/zufang/shz4071742.html
徐汇,徐家汇,乐山大楼,2室0厅,63平,高区/24层,7500,http://sh.lianjia.com/zufang/shz4069364.html
徐汇,龙华,华龙新苑小区,2室1厅,66平,中区/6层,5600,http://sh.lianjia.com/zufang/shz4066667.html
徐汇,田林,田林新苑,2室1厅,66平,低区/18层,6400,http://sh.lianjia.com/zufang/shz4050910.html
徐汇,徐家汇,漕溪大楼,2室0厅,55平,低区/14层,6500,http://sh.lianjia.com/zufang/shz4042629.html
徐汇,建国西路,建西小区,2室1厅,57平,高区/6层,7500,http://sh.lianjia.com/zufang/shz4039768.html
徐汇,斜土路,汽联大厦,2室0厅,60平,中区/16层,7500,http://sh.lianjia.com/zufang/shz3988599.html
徐汇,衡山路,茂龄别墅（公房）,2室1厅,52平,高区/6层,8000,http://sh.lianjia.com/zufang/shz3972130.html
徐汇,康健,欣园新,2室1厅,65平,中区/6层,4800,http://sh.lianjia.com/zufang/shz3965884.html
徐汇,徐家汇,乐山六七村,2室1厅,59平,高区/7层,7500,http://sh.lianjia.com/zufang/shz3873129.html
徐汇,龙华,俞三小区,2室1厅,59平,高区/6层,5000,http://sh.lianjia.com/zufang/shz3862091.html
徐汇,徐家汇,凯歌公寓,2室0厅,52平,低区/28层,6500,http://sh.lianjia.com/zufang/shz3735261.html
徐汇,上海南站,华东花苑,2室1厅,68平,中区/6层,5000,http://sh.lianjia.com/zufang/shz3378474.html
徐汇,斜土路,大木小区,2室1厅,52平,高区/6层,6290,http://sh.lianjia.com/zufang/shz4105832.html
徐汇,徐家汇,乐山八九村,2室1厅,57平,中区/18层,7500,http://sh.lianjia.com/zufang/shz4004188.html
徐汇,衡山路,久安小区,2室1厅,60平,高区/6层,9500,http://sh.lianjia.com/zufang/shz4120786.html
徐汇,华泾,华欣家园,2室1厅,62平,中区/6层,3500,http://sh.lianjia.com/zufang/shz4118422.html
徐汇,康健,长兴坊,2室1厅,54平,低区/6层,4500,http://sh.lianjia.com/zufang/shz4114770.html
徐汇,华泾,紫阳花苑,2室1厅,55平,低区/6层,3800,http://sh.lianjia.com/zufang/shz4113151.html
徐汇,华东理工,梅陇五村,2室1厅,57平,中区/6层,5000,http://sh.lianjia.com/zufang/shz4112777.html
徐汇,植物园,园南二村,2室1厅,54平,高区/6层,3800,http://sh.lianjia.com/zufang/shz4107131.html
徐汇,康健,花苑茶花园,2室1厅,59平,高区/6层,6000,http://sh.lianjia.com/zufang/shz4122146.html
徐汇,上海南站,罗城小区,2室1厅,69平,低区/6层,5500,http://sh.lianjia.com/zufang/shz4121094.html
徐汇,植物园,东泉小区,2室1厅,58平,低区/6层,4700,http://sh.lianjia.com/zufang/shz4120735.html
徐汇,徐家汇,天平小区,2室1厅,62平,低区/18层,8000,http://sh.lianjia.com/zufang/shz4119323.html
徐汇,建国西路,岳阳大楼,2室1厅,62平,中区/14层,11000,http://sh.lianjia.com/zufang/shz4117249.html
徐汇,徐家汇,凯旋一村,2室0厅,50平,高区/6层,5800,http://sh.lianjia.com/zufang/shz4115018.html
徐汇,上海南站,金牛苑,2室1厅,62平,低区/6层,6800,http://sh.lianjia.com/zufang/shz4114267.html
徐汇,田林,田林四村,2室1厅,60平,低区/6层,4800,http://sh.lianjia.com/zufang/shz4112922.html
徐汇,植物园,东泉小区,2室1厅,59平,高区/6层,4800,http://sh.lianjia.com/zufang/shz4111837.html
徐汇,徐家汇,乐山六七村,2室1厅,51平,高区/7层,6060,http://sh.lianjia.com/zufang/shz4110675.html
徐汇,徐家汇,斜土路2200弄,2室0厅,50平,低区/6层,6000,http://sh.lianjia.com/zufang/shz4110363.html
徐汇,康健,康宁坊,2室1厅,61平,高区/6层,5500,http://sh.lianjia.com/zufang/shz4110276.html
徐汇,龙华,协昌小区,2室1厅,67平,高区/24层,6800,http://sh.lianjia.com/zufang/shz4108062.html
徐汇,徐家汇,裕德路66弄,2室1厅,52平,中区/7层,6500,http://sh.lianjia.com/zufang/shz4104544.html
徐汇,建国西路,岳阳大楼,2室1厅,62平,高区/14层,14000,http://sh.lianjia.com/zufang/shz4100770.html
徐汇,斜土路,日晖二村,2室0厅,50平,高区/5层,5500,http://sh.lianjia.com/zufang/shz4071823.html
徐汇,上海南站,楼园小区,2室1厅,67平,高区/6层,5200,http://sh.lianjia.com/zufang/shz4102573.html
徐汇,植物园,园南三村,2室1厅,61平,中区/6层,4300,http://sh.lianjia.com/zufang/shz4099453.html
徐汇,上海南站,汇成五村,2室0厅,52平,高区/6层,4600,http://sh.lianjia.com/zufang/shz4084298.html
徐汇,上海南站,汇成五村,2室1厅,63平,高区/6层,5000,http://sh.lianjia.com/zufang/shz4083829.html
徐汇,上海南站,汇成一村,2室0厅,51平,中区/6层,4600,http://sh.lianjia.com/zufang/shz4069534.html
徐汇,漕河泾,欣嘉苑,2室1厅,52平,高区/6层,6000,http://sh.lianjia.com/zufang/shz4068902.html
徐汇,植物园,园南二村,2室1厅,58平,高区/6层,4000,http://sh.lianjia.com/zufang/shz4057742.html
徐汇,长桥,长桥六村,2室1厅,57平,高区/6层,3600,http://sh.lianjia.com/zufang/shz3997095.html
徐汇,华泾,华发小区,2室1厅,64平,中区/6层,4000,http://sh.lianjia.com/zufang/shz3719992.html
徐汇,建国西路,永嘉路484号,2室1厅,63平,高区/6层,8900,http://sh.lianjia.com/zufang/shz4111308.html
徐汇,康健,樱花园（徐汇）,2室1厅,56平,低区/6层,5300,http://sh.lianjia.com/zufang/shz4088750.html
徐汇,衡山路,兴国路271弄,2室1厅,53平,中区/6层,7660,http://sh.lianjia.com/zufang/shz4084212.html
徐汇,上海南站,罗城小区,2室1厅,70平,中区/6层,5600,http://sh.lianjia.com/zufang/shz4081901.html
徐汇,衡山路,康平路95号,2室1厅,60平,高区/6层,8600,http://sh.lianjia.com/zufang/shz4078172.html
徐汇,徐家汇,双峰路8弄,2室1厅,51平,中区/6层,6090,http://sh.lianjia.com/zufang/shz4066336.html
徐汇,徐家汇,科汇公寓,2室1厅,61平,低区/18层,8800,http://sh.lianjia.com/zufang/shz4065358.html
徐汇,万体馆,天钥新村,2室1厅,50平,高区/6层,6060,http://sh.lianjia.com/zufang/shz4051789.html
徐汇,龙华,三江小区,2室1厅,54平,高区/6层,5000,http://sh.lianjia.com/zufang/shz4038861.html
徐汇,徐家汇,振兴小区（徐汇）,2室1厅,60平,中区/5层,7800,http://sh.lianjia.com/zufang/shz4035834.html
徐汇,龙华,机场新村（龙华）,2室1厅,50平,中区/5层,4200,http://sh.lianjia.com/zufang/shz4026394.html
徐汇,龙华,宛龙小区,2室1厅,53平,中区/5层,6800,http://sh.lianjia.com/zufang/shz4007777.html
徐汇,徐家汇,王家堂小区,2室1厅,56平,中区/6层,8000,http://sh.lianjia.com/zufang/shz3979142.html
徐汇,徐家汇,宜山路12弄,2室1厅,55平,高区/5层,6000,http://sh.lianjia.com/zufang/shz3959717.html
徐汇,康健,康强坊,2室1厅,54平,中区/4层,4600,http://sh.lianjia.com/zufang/shz3912855.html
徐汇,康健,花苑茶花园,2室1厅,58平,中区/6层,4500,http://sh.lianjia.com/zufang/shz3912589.html
徐汇,徐家汇,徐虹公寓,2室1厅,64平,中区/6层,8000,http://sh.lianjia.com/zufang/shz3741255.html
徐汇,康健,钦州路111弄,2室1厅,50平,中区/6层,4500,http://sh.lianjia.com/zufang/shz3417135.html
徐汇,华泾,华建二街坊,2室1厅,65平,高区/6层,3600,http://sh.lianjia.com/zufang/shz4108743.html
徐汇,长桥,长桥八村,2室1厅,58平,高区/6层,3800,http://sh.lianjia.com/zufang/shz4104884.html
徐汇,长桥,长桥四村,2室0厅,51平,低区/6层,3800,http://sh.lianjia.com/zufang/shz4102346.html
徐汇,华泾,东湾小区,2室1厅,56平,高区/6层,3800,http://sh.lianjia.com/zufang/shz4101668.html
徐汇,植物园,园南二村,2室1厅,54平,中区/6层,3600,http://sh.lianjia.com/zufang/shz4097616.html
徐汇,华泾,紫阳花苑,2室2厅,65平,低区/6层,5000,http://sh.lianjia.com/zufang/shz4094240.html
徐汇,华泾,华泾五村,2室1厅,57平,中区/6层,3800,http://sh.lianjia.com/zufang/shz4091830.html
徐汇,华泾,紫阳花苑,2室1厅,66平,中区/6层,4200,http://sh.lianjia.com/zufang/shz4088306.html
徐汇,康健,长顺坊,2室1厅,53平,高区/6层,5200,http://sh.lianjia.com/zufang/shz4077903.html
徐汇,华泾,华发小区,2室1厅,60平,低区/6层,4200,http://sh.lianjia.com/zufang/shz4076133.html
徐汇,华泾,紫阳花苑,2室1厅,55平,高区/6层,3800,http://sh.lianjia.com/zufang/shz4070809.html
徐汇,上海南站,汇成四村,2室0厅,50平,高区/6层,4300,http://sh.lianjia.com/zufang/shz4067646.html
徐汇,植物园,罗秀三村,2室1厅,63平,中区/6层,4200,http://sh.lianjia.com/zufang/shz4046451.html
徐汇,华泾,华泾四村,2室1厅,66平,高区/6层,3800,http://sh.lianjia.com/zufang/shz4031339.html
徐汇,长桥,长桥七村,2室1厅,57平,低区/6层,4500,http://sh.lianjia.com/zufang/shz4026881.html
徐汇,华泾,紫阳花苑,2室1厅,64平,中区/6层,3800,http://sh.lianjia.com/zufang/shz3997299.html
徐汇,华泾,紫阳花苑,2室1厅,55平,高区/6层,4300,http://sh.lianjia.com/zufang/shz3994707.html
徐汇,上海南站,光华园,2室1厅,61平,高区/6层,4500,http://sh.lianjia.com/zufang/shz3989384.html
徐汇,华泾,华泾四村,2室1厅,65平,高区/6层,3900,http://sh.lianjia.com/zufang/shz3988060.html
徐汇,华东理工,梅陇五村,2室1厅,54平,中区/6层,4100,http://sh.lianjia.com/zufang/shz4110149.html
徐汇,田林,田林新苑,2室1厅,66平,低区/18层,6000,http://sh.lianjia.com/zufang/shz4107227.html
徐汇,康健,寿祥坊,2室1厅,60平,低区/6层,5800,http://sh.lianjia.com/zufang/shz4104927.html
徐汇,龙华,龙南五村,2室1厅,68平,高区/6层,4800,http://sh.lianjia.com/zufang/shz4101957.html
徐汇,康健,科苑新村,2室1厅,57平,高区/6层,5600,http://sh.lianjia.com/zufang/shz4100453.html
徐汇,徐家汇,漕溪大楼,2室1厅,54平,中区/14层,6800,http://sh.lianjia.com/zufang/shz4099965.html
徐汇,华东理工,梅陇三村,2室1厅,57平,中区/5层,4050,http://sh.lianjia.com/zufang/shz4097997.html
徐汇,徐家汇,乐山六七村,2室1厅,59平,高区/7层,6550,http://sh.lianjia.com/zufang/shz4090009.html
徐汇,植物园,东泉小区,2室1厅,58平,中区/6层,4800,http://sh.lianjia.com/zufang/shz4089611.html
徐汇,徐家汇,科汇公寓,2室0厅,53平,高区/18层,8500,http://sh.lianjia.com/zufang/shz4087826.html
徐汇,徐家汇,徐虹公寓,2室1厅,69平,低区/6层,8200,http://sh.lianjia.com/zufang/shz4084853.html
徐汇,衡山路,武康路8号,2室0厅,58平,中区/5层,15500,http://sh.lianjia.com/zufang/shz4080640.html
徐汇,徐家汇,乐山六七村,2室1厅,59平,中区/7层,6800,http://sh.lianjia.com/zufang/shz4078213.html
徐汇,衡山路,复兴西路53弄,2室2厅,68平,低区/5层,19000,http://sh.lianjia.com/zufang/shz4074869.html
徐汇,康健,寿山坊,2室1厅,63平,中区/6层,4900,http://sh.lianjia.com/zufang/shz4071067.html
徐汇,建国西路,锦岩小区,2室1厅,55平,中区/6层,9500,http://sh.lianjia.com/zufang/shz4070086.html
徐汇,田林,田林新苑,2室1厅,70平,中区/28层,6000,http://sh.lianjia.com/zufang/shz4065425.html
徐汇,建国西路,嘉善路232弄,2室1厅,59平,高区/6层,8500,http://sh.lianjia.com/zufang/shz4056803.html
徐汇,建国西路,世家小区,2室2厅,68平,高区/6层,14000,http://sh.lianjia.com/zufang/shz4038488.html
徐汇,衡山路,淮海中路1270弄,2室0厅,50平,高区/6层,8800,http://sh.lianjia.com/zufang/shz4033368.html
徐汇,衡山路,华强公寓,2室1厅,64平,低区/25层,8000,http://sh.lianjia.com/zufang/shz4032131.html
徐汇,华东理工,华理苑,2室1厅,67平,中区/6层,5800,http://sh.lianjia.com/zufang/shz4030130.html
徐汇,建国西路,永康路163号,2室1厅,61平,高区/6层,13000,http://sh.lianjia.com/zufang/shz4028620.html
徐汇,衡山路,康平路95号,2室1厅,50平,高区/6层,8500,http://sh.lianjia.com/zufang/shz4011542.html
徐汇,徐家汇,乐山六七村,2室1厅,59平,高区/7层,5830,http://sh.lianjia.com/zufang/shz4011270.html
徐汇,华东理工,梅陇七村,2室0厅,57平,高区/6层,4000,http://sh.lianjia.com/zufang/shz4010969.html
徐汇,徐家汇,东方时空公寓,2室1厅,62平,高区/19层,10000,http://sh.lianjia.com/zufang/shz4010500.html
徐汇,徐家汇,番禺大楼,2室1厅,67平,中区/29层,7000,http://sh.lianjia.com/zufang/shz4007568.html
徐汇,衡山路,百安小区,2室0厅,54平,中区/5层,7500,http://sh.lianjia.com/zufang/shz4005551.html
徐汇,龙华,华龙新苑小区,2室1厅,65平,高区/6层,5500,http://sh.lianjia.com/zufang/shz3997411.html
徐汇,徐家汇,科汇公寓,2室1厅,69平,低区/18层,9000,http://sh.lianjia.com/zufang/shz3979876.html
徐汇,康健,钦州路111弄,2室0厅,56平,中区/7层,5800,http://sh.lianjia.com/zufang/shz3979793.html
徐汇,徐家汇,凯旋一村,2室0厅,50平,高区/6层,5600,http://sh.lianjia.com/zufang/shz3974765.html
徐汇,徐家汇,凯旋一村,2室0厅,50平,高区/6层,5600,http://sh.lianjia.com/zufang/shz3974765.html
徐汇,斜土路,斜土路1220号,2室1厅,68平,中区/7层,6500,http://sh.lianjia.com/zufang/shz3936406.html
徐汇,徐家汇,宛平南路170弄,2室1厅,51平,高区/6层,7300,http://sh.lianjia.com/zufang/shz3918212.html
徐汇,徐家汇,徐虹路110弄,2室1厅,69平,高区/6层,7000,http://sh.lianjia.com/zufang/shz3870435.html
徐汇,徐家汇,裕德路66弄,2室1厅,52平,高区/7层,7800,http://sh.lianjia.com/zufang/shz3867467.html
徐汇,衡山路,岳阳路200弄,2室1厅,55平,低区/4层,22000,http://sh.lianjia.com/zufang/shz3859956.html
徐汇,康健,花苑茶花园,2室1厅,59平,高区/6层,5000,http://sh.lianjia.com/zufang/shz3816936.html
徐汇,万体馆,天钥新村,2室1厅,68平,高区/5层,7500,http://sh.lianjia.com/zufang/shz3810074.html
徐汇,建国西路,岳阳路77弄,2室0厅,52平,中区/6层,10000,http://sh.lianjia.com/zufang/shz3781031.html
徐汇,康健,冠生园路237弄,2室1厅,64平,高区/6层,5000,http://sh.lianjia.com/zufang/shz2638185.html
徐汇,万体馆,龙吴路11弄,2室1厅,54平,中区/6层,5560,http://sh.lianjia.com/zufang/shz4121165.html
徐汇,田林,田林五村,2室1厅,54平,高区/6层,6500,http://sh.lianjia.com/zufang/shz4119685.html
徐汇,徐家汇,东安四村,2室1厅,59平,高区/6层,6000,http://sh.lianjia.com/zufang/shz4117286.html
徐汇,康健,寿德坊,2室1厅,58平,高区/6层,4600,http://sh.lianjia.com/zufang/shz4115629.html
徐汇,万体馆,龙山新村,2室1厅,62平,高区/6层,6800,http://sh.lianjia.com/zufang/shz4114503.html
徐汇,龙华,龙华新村,2室0厅,59平,中区/6层,6500,http://sh.lianjia.com/zufang/shz4114326.html
徐汇,徐家汇,振兴小区（徐汇）,2室1厅,54平,高区/6层,6000,http://sh.lianjia.com/zufang/shz4114206.html
徐汇,建国西路,岳阳路77弄,2室0厅,50平,高区/6层,8000,http://sh.lianjia.com/zufang/shz4113719.html
徐汇,徐家汇,振兴小区（徐汇）,2室1厅,69平,高区/6层,6390,http://sh.lianjia.com/zufang/shz4109854.html
徐汇,华东理工,梅陇四村,2室1厅,60平,高区/6层,4300,http://sh.lianjia.com/zufang/shz4108433.html
徐汇,徐家汇,康平路207弄,2室1厅,59平,高区/5层,10000,http://sh.lianjia.com/zufang/shz4097959.html
徐汇,上海南站,东荡小区,2室1厅,61平,高区/6层,5000,http://sh.lianjia.com/zufang/shz4095820.html
徐汇,华泾,馨宁公寓,2室1厅,62平,中区/29层,4300,http://sh.lianjia.com/zufang/shz4008280.html
徐汇,上海南站,园南一村,2室1厅,51平,高区/6层,3800,http://sh.lianjia.com/zufang/shz4100389.html
徐汇,植物园,百龙小区,2室1厅,57平,低区/6层,6000,http://sh.lianjia.com/zufang/shz4057929.html
徐汇,植物园,上中路458弄,2室1厅,53平,高区/6层,4800,http://sh.lianjia.com/zufang/shz4040917.html
徐汇,上海南站,光华园,2室1厅,69平,高区/6层,4800,http://sh.lianjia.com/zufang/shz4040914.html
徐汇,华东理工,龙州小区,2室1厅,62平,高区/6层,4000,http://sh.lianjia.com/zufang/shz4028304.html
徐汇,上海南站,上海中学住宅区,2室1厅,53平,中区/5层,4600,http://sh.lianjia.com/zufang/shz3994709.html
徐汇,万体馆,龙山新村,2室1厅,54平,中区/5层,7000,http://sh.lianjia.com/zufang/shz4107711.html
徐汇,徐家汇,乐山八九村,2室1厅,54平,高区/6层,6500,http://sh.lianjia.com/zufang/shz4107129.html
徐汇,徐家汇,天平小区,2室2厅,61平,低区/18层,11000,http://sh.lianjia.com/zufang/shz4105456.html
徐汇,康健,月季园（徐汇）,2室1厅,64平,中区/6层,5800,http://sh.lianjia.com/zufang/shz4104100.html
徐汇,康健,康宁坊,2室1厅,57平,低区/6层,6400,http://sh.lianjia.com/zufang/shz4103081.html
徐汇,徐汇滨江,上飞新村,2室1厅,67平,高区/6层,6000,http://sh.lianjia.com/zufang/shz4102873.html
徐汇,康健,杜鹃园,2室1厅,52平,中区/6层,5500,http://sh.lianjia.com/zufang/shz4100930.html
徐汇,徐汇滨江,民苑小区,2室1厅,68平,高区/6层,6800,http://sh.lianjia.com/zufang/shz4099567.html
徐汇,田林,田林十一村,2室1厅,50平,低区/6层,5500,http://sh.lianjia.com/zufang/shz4096234.html
徐汇,徐家汇,徐虹路110弄,2室1厅,50平,高区/6层,5660,http://sh.lianjia.com/zufang/shz4094092.html
徐汇,徐家汇,乐山大楼,2室1厅,53平,低区/24层,6000,http://sh.lianjia.com/zufang/shz4094017.html
徐汇,徐家汇,乐山大楼,2室1厅,53平,低区/24层,6000,http://sh.lianjia.com/zufang/shz4094017.html
徐汇,徐家汇,广元路193号,2室0厅,65平,中区/6层,12800,http://sh.lianjia.com/zufang/shz4093615.html
徐汇,龙华,诸家宅小区,2室1厅,64平,高区/6层,7500,http://sh.lianjia.com/zufang/shz4089302.html
徐汇,徐家汇,橡胶小区,2室1厅,68平,低区/24层,8200,http://sh.lianjia.com/zufang/shz4088243.html
徐汇,徐家汇,中漕小区,2室1厅,62平,高区/6层,6100,http://sh.lianjia.com/zufang/shz4084755.html
徐汇,华东理工,春华苑,2室1厅,54平,高区/6层,5200,http://sh.lianjia.com/zufang/shz4083500.html
徐汇,康健,康乐小区（徐汇）,2室1厅,57平,低区/6层,5460,http://sh.lianjia.com/zufang/shz4083453.html
徐汇,万体馆,漕溪三村,2室1厅,56平,中区/4层,6500,http://sh.lianjia.com/zufang/shz4079050.html
徐汇,万体馆,龙吴路9弄,2室1厅,65平,中区/6层,6200,http://sh.lianjia.com/zufang/shz4078214.html
徐汇,斜土路,卫星大楼,2室1厅,68平,中区/14层,7900,http://sh.lianjia.com/zufang/shz4071480.html
徐汇,徐家汇,乐山大楼,2室0厅,64平,中区/24层,6700,http://sh.lianjia.com/zufang/shz4071447.html
徐汇,建国西路,岳阳路77弄,2室1厅,62平,高区/6层,9800,http://sh.lianjia.com/zufang/shz4068563.html
徐汇,斜土路,中科新苑,2室1厅,57平,高区/6层,7000,http://sh.lianjia.com/zufang/shz4068216.html
徐汇,徐家汇,乐山八九村,2室1厅,59平,高区/18层,6700,http://sh.lianjia.com/zufang/shz4064825.html
徐汇,衡山路,音苑小区,2室1厅,67平,高区/5层,13000,http://sh.lianjia.com/zufang/shz4054602.html
徐汇,华东理工,梅陇三村,2室1厅,53平,低区/6层,4000,http://sh.lianjia.com/zufang/shz4054582.html
徐汇,康健,漕泾一村,2室1厅,58平,中区/6层,6500,http://sh.lianjia.com/zufang/shz4054043.html
徐汇,建国西路,永盛里,2室1厅,60平,低区/6层,15800,http://sh.lianjia.com/zufang/shz4047993.html
徐汇,徐家汇,宛平南路71弄,2室1厅,57平,中区/6层,7000,http://sh.lianjia.com/zufang/shz4045809.html
徐汇,建国西路,岳阳路77弄,2室0厅,50平,低区/6层,10000,http://sh.lianjia.com/zufang/shz4042095.html
徐汇,徐家汇,番南小区,2室0厅,55平,高区/7层,5980,http://sh.lianjia.com/zufang/shz4038916.html
徐汇,龙华,上缝小区,2室1厅,51平,高区/6层,5800,http://sh.lianjia.com/zufang/shz4020672.html
徐汇,龙华,宛南华侨新村,2室2厅,70平,高区/6层,6600,http://sh.lianjia.com/zufang/shz4019560.html
徐汇,龙华,狮城花苑,2室1厅,60平,低区/6层,5500,http://sh.lianjia.com/zufang/shz4017833.html
徐汇,康健,花苑村丁香园,2室1厅,60平,低区/6层,5300,http://sh.lianjia.com/zufang/shz4016177.html
徐汇,康健,康强坊,2室1厅,55平,中区/4层,5880,http://sh.lianjia.com/zufang/shz4011025.html
徐汇,康健,花苑村丁香园,2室1厅,62平,低区/6层,5700,http://sh.lianjia.com/zufang/shz4009305.html
徐汇,徐家汇,乐山一村,2室1厅,59平,高区/6层,7200,http://sh.lianjia.com/zufang/shz4004439.html
徐汇,康健,康乐小区（徐汇）,2室1厅,63平,中区/6层,5800,http://sh.lianjia.com/zufang/shz4001307.html
徐汇,徐家汇,南宜花苑,2室1厅,64平,低区/7层,7000,http://sh.lianjia.com/zufang/shz3984426.html
徐汇,衡山路,复兴西路84弄,2室1厅,65平,中区/6层,11000,http://sh.lianjia.com/zufang/shz3961261.html
徐汇,斜土路,清枫大楼,2室1厅,68平,低区/18层,9000,http://sh.lianjia.com/zufang/shz3957005.html
徐汇,徐家汇,科汇公寓,2室1厅,68平,中区/25层,10000,http://sh.lianjia.com/zufang/shz3954960.html
徐汇,万体馆,漕溪三村,2室1厅,50平,高区/5层,6200,http://sh.lianjia.com/zufang/shz3951389.html
徐汇,建国西路,建国西路355弄,2室2厅,58平,高区/3层,12000,http://sh.lianjia.com/zufang/shz3904003.html
徐汇,衡山路,淮海中路1710弄,2室1厅,54平,低区/6层,8300,http://sh.lianjia.com/zufang/shz3901644.html
徐汇,龙华,龙南五村,2室1厅,65平,中区/6层,4700,http://sh.lianjia.com/zufang/shz3862238.html
徐汇,徐家汇,乐山八九村,2室1厅,54平,高区/6层,5800,http://sh.lianjia.com/zufang/shz3856151.html
徐汇,田林,田林十一村,2室0厅,50平,高区/6层,5500,http://sh.lianjia.com/zufang/shz3846873.html
徐汇,衡山路,淮海中路1710弄,2室1厅,70平,高区/6层,8500,http://sh.lianjia.com/zufang/shz3830220.html
徐汇,康健,寿益坊,2室1厅,53平,中区/6层,5800,http://sh.lianjia.com/zufang/shz4025759.html
徐汇,上海南站,汇成四村,2室1厅,58平,高区/6层,4500,http://sh.lianjia.com/zufang/shz4105135.html
徐汇,华东理工,书香苑,2室1厅,67平,高区/6层,4800,http://sh.lianjia.com/zufang/shz4041168.html
徐汇,上海南站,楼园小区,2室1厅,61平,高区/6层,5100,http://sh.lianjia.com/zufang/shz4024321.html
徐汇,徐家汇,天平小区,2室2厅,51平,低区/7层,7500,http://sh.lianjia.com/zufang/shz4117179.html
徐汇,徐家汇,乐山八九村,2室1厅,54平,低区/6层,6060,http://sh.lianjia.com/zufang/shz4109715.html
徐汇,徐家汇,乐山六七村,2室1厅,55平,高区/7层,6060,http://sh.lianjia.com/zufang/shz4107191.html
徐汇,长桥,徐汇新城（公寓）,2室1厅,66平,中区/12层,5000,http://sh.lianjia.com/zufang/shz4122070.html
徐汇,长桥,长桥四村,2室1厅,60平,高区/6层,4000,http://sh.lianjia.com/zufang/shz4120718.html
徐汇,康健,长海坊,2室1厅,54平,中区/6层,4500,http://sh.lianjia.com/zufang/shz4118442.html
徐汇,华泾,紫阳花苑,2室1厅,55平,高区/6层,3700,http://sh.lianjia.com/zufang/shz4117627.html
徐汇,华泾,馨宁公寓,2室1厅,62平,高区/29层,4500,http://sh.lianjia.com/zufang/shz4116449.html
徐汇,长桥,长桥二村,2室0厅,51平,中区/6层,3500,http://sh.lianjia.com/zufang/shz4113085.html
徐汇,康健,长海坊,2室1厅,60平,中区/6层,4600,http://sh.lianjia.com/zufang/shz4110274.html
徐汇,华东理工,梅陇五村,2室1厅,57平,高区/6层,4800,http://sh.lianjia.com/zufang/shz4103096.html
徐汇,华泾,紫阳花苑,2室1厅,55平,中区/6层,3500,http://sh.lianjia.com/zufang/shz4093229.html
徐汇,华泾,馨宁公寓,2室1厅,62平,低区/29层,4500,http://sh.lianjia.com/zufang/shz4092401.html
徐汇,上海南站,汇成二村,2室1厅,53平,高区/6层,4600,http://sh.lianjia.com/zufang/shz4086994.html
徐汇,植物园,平福小区,2室1厅,67平,中区/7层,4200,http://sh.lianjia.com/zufang/shz4081944.html
徐汇,华泾,东湾小区,2室1厅,58平,高区/6层,4200,http://sh.lianjia.com/zufang/shz4006634.html
徐汇,上海南站,光华园,2室1厅,61平,高区/6层,5200,http://sh.lianjia.com/zufang/shz4106903.html
徐汇,上海南站,汇成二村,2室1厅,52平,高区/6层,4300,http://sh.lianjia.com/zufang/shz4086034.html
徐汇,华东理工,梅陇十一村,2室1厅,59平,中区/6层,3900,http://sh.lianjia.com/zufang/shz4020565.html
徐汇,康健,长海坊,2室1厅,58平,低区/6层,5500,http://sh.lianjia.com/zufang/shz4004382.html
徐汇,华泾,华发小区,2室1厅,51平,低区/6层,4200,http://sh.lianjia.com/zufang/shz3998297.html
徐汇,上海南站,汇成一村,2室1厅,63平,中区/6层,4600,http://sh.lianjia.com/zufang/shz3989328.html
徐汇,徐汇滨江,上飞新村,2室1厅,69平,高区/6层,6500,http://sh.lianjia.com/zufang/shz4089690.html
徐汇,万体馆,龙山新村,2室0厅,63平,高区/5层,6600,http://sh.lianjia.com/zufang/shz4050269.html
徐汇,康健,康乐小区（徐汇）,2室1厅,53平,高区/4层,5250,http://sh.lianjia.com/zufang/shz4011091.html
徐汇,建国西路,襄阳南路277弄,2室0厅,50平,中区/6层,6500,http://sh.lianjia.com/zufang/shz3937445.html
徐汇,上海南站,光华园,2室1厅,58平,中区/6层,5000,http://sh.lianjia.com/zufang/shz4102755.html
徐汇,上海南站,汇成五村,2室1厅,62平,高区/6层,4800,http://sh.lianjia.com/zufang/shz4100998.html
徐汇,康健,花苑村紫竹园,2室1厅,58平,高区/6层,6200,http://sh.lianjia.com/zufang/shz4096978.html
徐汇,华泾,华欣家园,2室1厅,65平,高区/6层,3900,http://sh.lianjia.com/zufang/shz4095397.html
徐汇,康健,长顺坊,2室1厅,59平,低区/18层,5200,http://sh.lianjia.com/zufang/shz4093600.html
徐汇,康健,长丰坊,2室1厅,55平,中区/6层,4800,http://sh.lianjia.com/zufang/shz4092579.html
徐汇,华东理工,梅陇五村,2室1厅,58平,低区/6层,4200,http://sh.lianjia.com/zufang/shz4090027.html
徐汇,植物园,百龙小区,2室1厅,64平,高区/6层,4500,http://sh.lianjia.com/zufang/shz4089125.html
徐汇,长桥,长桥三村,2室1厅,60平,高区/6层,4500,http://sh.lianjia.com/zufang/shz4087278.html
徐汇,华泾,华欣家园,2室1厅,61平,高区/6层,4300,http://sh.lianjia.com/zufang/shz4086840.html
徐汇,长桥,长桥一村,2室1厅,60平,中区/6层,4300,http://sh.lianjia.com/zufang/shz4084244.html
徐汇,康健,长兴坊,2室1厅,59平,低区/6层,5000,http://sh.lianjia.com/zufang/shz4082279.html
徐汇,植物园,罗秀三村,2室0厅,53平,高区/6层,4000,http://sh.lianjia.com/zufang/shz4080122.html
徐汇,长桥,长桥八村,2室0厅,59平,中区/6层,4000,http://sh.lianjia.com/zufang/shz4073746.html
徐汇,华东理工,梅陇五村,2室0厅,66平,高区/18层,4500,http://sh.lianjia.com/zufang/shz4070862.html
徐汇,康健,长顺坊,2室1厅,53平,高区/6层,5000,http://sh.lianjia.com/zufang/shz4063612.html
徐汇,上海南站,汇成三村,2室1厅,53平,高区/6层,4500,http://sh.lianjia.com/zufang/shz4059326.html
徐汇,康健,长丰坊,2室1厅,54平,中区/6层,4800,http://sh.lianjia.com/zufang/shz4058718.html
徐汇,华泾,东湾小区,2室1厅,56平,中区/6层,3800,http://sh.lianjia.com/zufang/shz4054872.html
徐汇,华泾,紫阳花苑,2室1厅,59平,高区/6层,3800,http://sh.lianjia.com/zufang/shz4054785.html
徐汇,华泾,华发小区,2室1厅,64平,中区/6层,3800,http://sh.lianjia.com/zufang/shz4046452.html
徐汇,长桥,罗秀二村,2室1厅,52平,高区/6层,3700,http://sh.lianjia.com/zufang/shz4046409.html
徐汇,华泾,紫阳花苑,2室1厅,64平,中区/6层,5000,http://sh.lianjia.com/zufang/shz4042455.html
徐汇,上海南站,汇成四村,2室1厅,63平,高区/6层,5000,http://sh.lianjia.com/zufang/shz4032758.html
徐汇,华东理工,梅陇五村,2室1厅,60平,低区/6层,5500,http://sh.lianjia.com/zufang/shz4024172.html
徐汇,华东理工,兴荣苑,2室1厅,66平,高区/6层,5000,http://sh.lianjia.com/zufang/shz4022272.html
徐汇,长桥,长桥五村,2室1厅,66平,中区/24层,5500,http://sh.lianjia.com/zufang/shz4022053.html
徐汇,华泾,名人花苑,2室1厅,69平,中区/6层,4500,http://sh.lianjia.com/zufang/shz4010604.html
徐汇,华东理工,梅陇十一村,2室1厅,53平,高区/6层,4000,http://sh.lianjia.com/zufang/shz4009488.html
徐汇,康健,花苑村紫竹园,2室1厅,67平,高区/6层,6200,http://sh.lianjia.com/zufang/shz4002644.html
徐汇,康健,长虹坊,2室1厅,68平,中区/6层,5800,http://sh.lianjia.com/zufang/shz4001223.html
徐汇,上海南站,汇成四村,2室1厅,63平,高区/6层,5800,http://sh.lianjia.com/zufang/shz3975847.html
徐汇,华泾,紫阳花苑,2室1厅,55平,高区/6层,3900,http://sh.lianjia.com/zufang/shz3961314.html
徐汇,长桥,长桥二村,2室1厅,50平,高区/5层,4200,http://sh.lianjia.com/zufang/shz3951269.html
徐汇,华东理工,陇南小区,2室1厅,58平,低区/6层,4900,http://sh.lianjia.com/zufang/shz3894725.html
徐汇,上海南站,楼园小区,2室1厅,65平,高区/6层,5300,http://sh.lianjia.com/zufang/shz3877856.html
徐汇,长桥,长桥八村,2室1厅,58平,高区/6层,4500,http://sh.lianjia.com/zufang/shz3876710.html
徐汇,华泾,华泾四村,2室1厅,66平,中区/6层,4300,http://sh.lianjia.com/zufang/shz3872120.html
徐汇,上海南站,光华园,2室1厅,60平,低区/6层,4800,http://sh.lianjia.com/zufang/shz3777653.html
徐汇,华泾,华发小区,2室1厅,64平,高区/6层,3500,http://sh.lianjia.com/zufang/shz3761276.html
徐汇,华泾,华泾四村,2室1厅,66平,高区/6层,3600,http://sh.lianjia.com/zufang/shz3701050.html
徐汇,华东理工,梅陇十一村,2室1厅,57平,高区/6层,3800,http://sh.lianjia.com/zufang/shz3409253.html
徐汇,华泾,东湾小区,2室1厅,56平,高区/6层,3600,http://sh.lianjia.com/zufang/shz4115424.html
徐汇,植物园,园南二村,2室1厅,61平,高区/6层,4000,http://sh.lianjia.com/zufang/shz4114129.html
徐汇,长桥,长桥四村,2室1厅,58平,高区/6层,6500,http://sh.lianjia.com/zufang/shz4114113.html
徐汇,植物园,园南二村,2室1厅,64平,高区/6层,4500,http://sh.lianjia.com/zufang/shz4114069.html
徐汇,康健,寿益坊,2室1厅,62平,高区/6层,5300,http://sh.lianjia.com/zufang/shz4099220.html
徐汇,华东理工,梅陇十一村,2室1厅,57平,高区/6层,4300,http://sh.lianjia.com/zufang/shz4097378.html
徐汇,华泾,华建一街坊,2室1厅,51平,高区/6层,3300,http://sh.lianjia.com/zufang/shz4091905.html
徐汇,上海南站,体育花苑,2室1厅,69平,低区/6层,5300,http://sh.lianjia.com/zufang/shz4085325.html
徐汇,华东理工,松风花园,2室1厅,60平,高区/6层,5000,http://sh.lianjia.com/zufang/shz4099830.html
徐汇,华东理工,梅陇十一村,2室1厅,60平,低区/6层,4800,http://sh.lianjia.com/zufang/shz4096921.html
徐汇,华东理工,家乐苑,2室1厅,67平,高区/6层,4600,http://sh.lianjia.com/zufang/shz4095102.html
徐汇,康健,长丰坊,2室1厅,54平,中区/6层,5500,http://sh.lianjia.com/zufang/shz4093495.html
徐汇,上海南站,汇成四村,2室1厅,59平,高区/6层,4500,http://sh.lianjia.com/zufang/shz4083686.html
徐汇,华东理工,和平小区（徐汇）,2室1厅,67平,高区/6层,4500,http://sh.lianjia.com/zufang/shz4079716.html
徐汇,华东理工,梅陇五村,2室1厅,66平,低区/18层,4300,http://sh.lianjia.com/zufang/shz4074435.html
徐汇,康健,长青坊,2室1厅,50平,中区/6层,4800,http://sh.lianjia.com/zufang/shz4067801.html
徐汇,上海南站,汇成五村,2室1厅,52平,高区/6层,4600,http://sh.lianjia.com/zufang/shz4056407.html
徐汇,上海南站,汇成一村,2室1厅,59平,中区/6层,4500,http://sh.lianjia.com/zufang/shz4054974.html
徐汇,华东理工,舒乐小区,2室1厅,55平,低区/5层,4300,http://sh.lianjia.com/zufang/shz4050038.html
徐汇,康健,花苑村紫竹园,2室1厅,58平,低区/6层,6200,http://sh.lianjia.com/zufang/shz4047593.html
徐汇,上海南站,汇成四村,2室1厅,53平,中区/6层,4000,http://sh.lianjia.com/zufang/shz4046135.html
徐汇,上海南站,汇成四村,2室1厅,57平,低区/6层,4300,http://sh.lianjia.com/zufang/shz4043623.html
徐汇,华泾,华欣家园,2室0厅,54平,中区/7层,5000,http://sh.lianjia.com/zufang/shz4039611.html
徐汇,上海南站,汇成五村,2室0厅,52平,低区/6层,4500,http://sh.lianjia.com/zufang/shz4026232.html
徐汇,长桥,长桥八村,2室0厅,57平,低区/6层,4000,http://sh.lianjia.com/zufang/shz4022650.html
徐汇,华东理工,梅陇九村,2室1厅,53平,中区/6层,5000,http://sh.lianjia.com/zufang/shz4004712.html
徐汇,康健,花苑村紫竹园,2室1厅,57平,高区/6层,6200,http://sh.lianjia.com/zufang/shz4002593.html
徐汇,华泾,华泾五村,2室1厅,60平,高区/6层,3600,http://sh.lianjia.com/zufang/shz4001588.html
徐汇,华泾,华泾五村,2室1厅,60平,高区/6层,3600,http://sh.lianjia.com/zufang/shz4001588.html
徐汇,华泾,馨宁公寓,2室1厅,61平,高区/29层,4700,http://sh.lianjia.com/zufang/shz3990523.html
徐汇,华东理工,梅陇九村,2室1厅,52平,低区/6层,4200,http://sh.lianjia.com/zufang/shz3978094.html
徐汇,康健,寿益坊,2室1厅,62平,高区/6层,5200,http://sh.lianjia.com/zufang/shz3952323.html
徐汇,长桥,罗秀二村,2室1厅,59平,中区/6层,4000,http://sh.lianjia.com/zufang/shz3950429.html
徐汇,上海南站,汇成一村,2室1厅,52平,中区/6层,4200,http://sh.lianjia.com/zufang/shz3942391.html
徐汇,长桥,长桥七村,2室1厅,57平,低区/6层,5000,http://sh.lianjia.com/zufang/shz3929714.html
徐汇,华东理工,梅陇路3号,2室0厅,54平,中区/5层,4000,http://sh.lianjia.com/zufang/shz3846938.html
徐汇,华东理工,梅陇九村,2室1厅,61平,高区/6层,4000,http://sh.lianjia.com/zufang/shz3841224.html
徐汇,植物园,园南二村,2室1厅,54平,低区/6层,3900,http://sh.lianjia.com/zufang/shz3765599.html
徐汇,上海南站,汇成四村,2室1厅,58平,高区/6层,4400,http://sh.lianjia.com/zufang/shz3762040.html
徐汇,长桥,长桥八村,2室1厅,57平,低区/6层,4800,http://sh.lianjia.com/zufang/shz4122579.html
徐汇,华东理工,化工一四村,2室1厅,51平,高区/5层,4800,http://sh.lianjia.com/zufang/shz4116996.html
徐汇,上海南站,汇成一村,2室1厅,59平,高区/6层,5130,http://sh.lianjia.com/zufang/shz4115786.html
徐汇,植物园,罗秀三村,2室1厅,53平,低区/6层,3800,http://sh.lianjia.com/zufang/shz4097030.html
徐汇,上海南站,汇成五村,2室1厅,56平,低区/6层,4200,http://sh.lianjia.com/zufang/shz3989530.html
徐汇,上海南站,楼园小区,2室1厅,64平,高区/6层,4500,http://sh.lianjia.com/zufang/shz3985815.html
徐汇,华东理工,梅陇五村,2室1厅,56平,中区/6层,1600,http://sh.lianjia.com/zufang/shz3830781.html
徐汇,华泾,华泾五村,2室1厅,60平,高区/6层,3600,http://sh.lianjia.com/zufang/shz4001588.html
徐汇,华泾,馨宁公寓,2室1厅,61平,高区/29层,4700,http://sh.lianjia.com/zufang/shz3990523.html
徐汇,华东理工,梅陇九村,2室1厅,52平,低区/6层,4200,http://sh.lianjia.com/zufang/shz3978094.html
徐汇,康健,寿益坊,2室1厅,62平,高区/6层,5200,http://sh.lianjia.com/zufang/shz3952323.html
徐汇,长桥,罗秀二村,2室1厅,59平,中区/6层,4000,http://sh.lianjia.com/zufang/shz3950429.html
徐汇,上海南站,汇成一村,2室1厅,52平,中区/6层,4200,http://sh.lianjia.com/zufang/shz3942391.html
徐汇,长桥,长桥七村,2室1厅,57平,低区/6层,5000,http://sh.lianjia.com/zufang/shz3929714.html
徐汇,华东理工,梅陇路3号,2室0厅,54平,中区/5层,4000,http://sh.lianjia.com/zufang/shz3846938.html
徐汇,华东理工,梅陇九村,2室1厅,61平,高区/6层,4000,http://sh.lianjia.com/zufang/shz3841224.html
徐汇,植物园,园南二村,2室1厅,54平,低区/6层,3900,http://sh.lianjia.com/zufang/shz3765599.html
徐汇,上海南站,汇成四村,2室1厅,58平,高区/6层,4400,http://sh.lianjia.com/zufang/shz3762040.html
徐汇,长桥,长桥八村,2室1厅,57平,低区/6层,4800,http://sh.lianjia.com/zufang/shz4122579.html
徐汇,华东理工,化工一四村,2室1厅,51平,高区/5层,4800,http://sh.lianjia.com/zufang/shz4116996.html
徐汇,上海南站,汇成一村,2室1厅,59平,高区/6层,5130,http://sh.lianjia.com/zufang/shz4115786.html
徐汇,植物园,罗秀三村,2室1厅,53平,低区/6层,3800,http://sh.lianjia.com/zufang/shz4097030.html
徐汇,上海南站,汇成五村,2室1厅,56平,低区/6层,4200,http://sh.lianjia.com/zufang/shz3989530.html
徐汇,上海南站,楼园小区,2室1厅,64平,高区/6层,4500,http://sh.lianjia.com/zufang/shz3985815.html
徐汇,华东理工,梅陇五村,2室1厅,56平,中区/6层,1600,http://sh.lianjia.com/zufang/shz3830781.html
徐汇,华泾,华泾五村,2室1厅,60平,高区/6层,3600,http://sh.lianjia.com/zufang/shz4001588.html
徐汇,华泾,馨宁公寓,2室1厅,61平,高区/29层,4700,http://sh.lianjia.com/zufang/shz3990523.html
徐汇,华东理工,梅陇九村,2室1厅,52平,低区/6层,4200,http://sh.lianjia.com/zufang/shz3978094.html
徐汇,康健,寿益坊,2室1厅,62平,高区/6层,5200,http://sh.lianjia.com/zufang/shz3952323.html
徐汇,长桥,罗秀二村,2室1厅,59平,中区/6层,4000,http://sh.lianjia.com/zufang/shz3950429.html
徐汇,上海南站,汇成一村,2室1厅,52平,中区/6层,4200,http://sh.lianjia.com/zufang/shz3942391.html
徐汇,长桥,长桥七村,2室1厅,57平,低区/6层,5000,http://sh.lianjia.com/zufang/shz3929714.html
徐汇,华东理工,梅陇路3号,2室0厅,54平,中区/5层,4000,http://sh.lianjia.com/zufang/shz3846938.html
徐汇,华东理工,梅陇九村,2室1厅,61平,高区/6层,4000,http://sh.lianjia.com/zufang/shz3841224.html
徐汇,植物园,园南二村,2室1厅,54平,低区/6层,3900,http://sh.lianjia.com/zufang/shz3765599.html
徐汇,上海南站,汇成四村,2室1厅,58平,高区/6层,4400,http://sh.lianjia.com/zufang/shz3762040.html
徐汇,长桥,长桥八村,2室1厅,57平,低区/6层,4800,http://sh.lianjia.com/zufang/shz4122579.html
徐汇,华东理工,化工一四村,2室1厅,51平,高区/5层,4800,http://sh.lianjia.com/zufang/shz4116996.html
徐汇,上海南站,汇成一村,2室1厅,59平,高区/6层,5130,http://sh.lianjia.com/zufang/shz4115786.html
徐汇,植物园,罗秀三村,2室1厅,53平,低区/6层,3800,http://sh.lianjia.com/zufang/shz4097030.html
徐汇,上海南站,汇成五村,2室1厅,56平,低区/6层,4200,http://sh.lianjia.com/zufang/shz3989530.html
徐汇,上海南站,楼园小区,2室1厅,64平,高区/6层,4500,http://sh.lianjia.com/zufang/shz3985815.html
徐汇,华东理工,梅陇五村,2室1厅,56平,中区/6层,1600,http://sh.lianjia.com/zufang/shz3830781.html
徐汇,华泾,华泾五村,2室1厅,60平,高区/6层,3600,http://sh.lianjia.com/zufang/shz4001588.html
徐汇,华泾,馨宁公寓,2室1厅,61平,高区/29层,4700,http://sh.lianjia.com/zufang/shz3990523.html
徐汇,华东理工,梅陇九村,2室1厅,52平,低区/6层,4200,http://sh.lianjia.com/zufang/shz3978094.html
徐汇,康健,寿益坊,2室1厅,62平,高区/6层,5200,http://sh.lianjia.com/zufang/shz3952323.html
徐汇,长桥,罗秀二村,2室1厅,59平,中区/6层,4000,http://sh.lianjia.com/zufang/shz3950429.html
徐汇,上海南站,汇成一村,2室1厅,52平,中区/6层,4200,http://sh.lianjia.com/zufang/shz3942391.html
徐汇,长桥,长桥七村,2室1厅,57平,低区/6层,5000,http://sh.lianjia.com/zufang/shz3929714.html
徐汇,华东理工,梅陇路3号,2室0厅,54平,中区/5层,4000,http://sh.lianjia.com/zufang/shz3846938.html
徐汇,华东理工,梅陇九村,2室1厅,61平,高区/6层,4000,http://sh.lianjia.com/zufang/shz3841224.html
徐汇,植物园,园南二村,2室1厅,54平,低区/6层,3900,http://sh.lianjia.com/zufang/shz3765599.html
徐汇,上海南站,汇成四村,2室1厅,58平,高区/6层,4400,http://sh.lianjia.com/zufang/shz3762040.html
徐汇,长桥,长桥八村,2室1厅,57平,低区/6层,4800,http://sh.lianjia.com/zufang/shz4122579.html
徐汇,华东理工,化工一四村,2室1厅,51平,高区/5层,4800,http://sh.lianjia.com/zufang/shz4116996.html
徐汇,上海南站,汇成一村,2室1厅,59平,高区/6层,5130,http://sh.lianjia.com/zufang/shz4115786.html
徐汇,植物园,罗秀三村,2室1厅,53平,低区/6层,3800,http://sh.lianjia.com/zufang/shz4097030.html
徐汇,上海南站,汇成五村,2室1厅,56平,低区/6层,4200,http://sh.lianjia.com/zufang/shz3989530.html
徐汇,上海南站,楼园小区,2室1厅,64平,高区/6层,4500,http://sh.lianjia.com/zufang/shz3985815.html
徐汇,华东理工,梅陇五村,2室1厅,56平,中区/6层,1600,http://sh.lianjia.com/zufang/shz3830781.html
徐汇,华泾,华泾五村,2室1厅,60平,高区/6层,3600,http://sh.lianjia.com/zufang/shz4001588.html
徐汇,华泾,馨宁公寓,2室1厅,61平,高区/29层,4700,http://sh.lianjia.com/zufang/shz3990523.html
徐汇,华东理工,梅陇九村,2室1厅,52平,低区/6层,4200,http://sh.lianjia.com/zufang/shz3978094.html
徐汇,康健,寿益坊,2室1厅,62平,高区/6层,5200,http://sh.lianjia.com/zufang/shz3952323.html
徐汇,长桥,罗秀二村,2室1厅,59平,中区/6层,4000,http://sh.lianjia.com/zufang/shz3950429.html
徐汇,上海南站,汇成一村,2室1厅,52平,中区/6层,4200,http://sh.lianjia.com/zufang/shz3942391.html
徐汇,长桥,长桥七村,2室1厅,57平,低区/6层,5000,http://sh.lianjia.com/zufang/shz3929714.html
徐汇,华东理工,梅陇路3号,2室0厅,54平,中区/5层,4000,http://sh.lianjia.com/zufang/shz3846938.html
徐汇,华东理工,梅陇九村,2室1厅,61平,高区/6层,4000,http://sh.lianjia.com/zufang/shz3841224.html
徐汇,植物园,园南二村,2室1厅,54平,低区/6层,3900,http://sh.lianjia.com/zufang/shz3765599.html
徐汇,上海南站,汇成四村,2室1厅,58平,高区/6层,4400,http://sh.lianjia.com/zufang/shz3762040.html
徐汇,长桥,长桥八村,2室1厅,57平,低区/6层,4800,http://sh.lianjia.com/zufang/shz4122579.html
徐汇,华东理工,化工一四村,2室1厅,51平,高区/5层,4800,http://sh.lianjia.com/zufang/shz4116996.html
徐汇,上海南站,汇成一村,2室1厅,59平,高区/6层,5130,http://sh.lianjia.com/zufang/shz4115786.html
徐汇,植物园,罗秀三村,2室1厅,53平,低区/6层,3800,http://sh.lianjia.com/zufang/shz4097030.html
徐汇,上海南站,汇成五村,2室1厅,56平,低区/6层,4200,http://sh.lianjia.com/zufang/shz3989530.html
徐汇,上海南站,楼园小区,2室1厅,64平,高区/6层,4500,http://sh.lianjia.com/zufang/shz3985815.html
徐汇,华东理工,梅陇五村,2室1厅,56平,中区/6层,1600,http://sh.lianjia.com/zufang/shz3830781.html
徐汇,华泾,华泾五村,2室1厅,60平,高区/6层,3600,http://sh.lianjia.com/zufang/shz4001588.html
徐汇,华泾,馨宁公寓,2室1厅,61平,高区/29层,4700,http://sh.lianjia.com/zufang/shz3990523.html
徐汇,华东理工,梅陇九村,2室1厅,52平,低区/6层,4200,http://sh.lianjia.com/zufang/shz3978094.html
徐汇,康健,寿益坊,2室1厅,62平,高区/6层,5200,http://sh.lianjia.com/zufang/shz3952323.html
徐汇,长桥,罗秀二村,2室1厅,59平,中区/6层,4000,http://sh.lianjia.com/zufang/shz3950429.html
徐汇,上海南站,汇成一村,2室1厅,52平,中区/6层,4200,http://sh.lianjia.com/zufang/shz3942391.html
徐汇,长桥,长桥七村,2室1厅,57平,低区/6层,5000,http://sh.lianjia.com/zufang/shz3929714.html
徐汇,华东理工,梅陇路3号,2室0厅,54平,中区/5层,4000,http://sh.lianjia.com/zufang/shz3846938.html
徐汇,华东理工,梅陇九村,2室1厅,61平,高区/6层,4000,http://sh.lianjia.com/zufang/shz3841224.html
徐汇,植物园,园南二村,2室1厅,54平,低区/6层,3900,http://sh.lianjia.com/zufang/shz3765599.html
徐汇,上海南站,汇成四村,2室1厅,58平,高区/6层,4400,http://sh.lianjia.com/zufang/shz3762040.html
徐汇,长桥,长桥八村,2室1厅,57平,低区/6层,4800,http://sh.lianjia.com/zufang/shz4122579.html
徐汇,华东理工,化工一四村,2室1厅,51平,高区/5层,4800,http://sh.lianjia.com/zufang/shz4116996.html
徐汇,上海南站,汇成一村,2室1厅,59平,高区/6层,5130,http://sh.lianjia.com/zufang/shz4115786.html
徐汇,植物园,罗秀三村,2室1厅,53平,低区/6层,3800,http://sh.lianjia.com/zufang/shz4097030.html
徐汇,上海南站,汇成五村,2室1厅,56平,低区/6层,4200,http://sh.lianjia.com/zufang/shz3989530.html
徐汇,上海南站,楼园小区,2室1厅,64平,高区/6层,4500,http://sh.lianjia.com/zufang/shz3985815.html
徐汇,华东理工,梅陇五村,2室1厅,56平,中区/6层,1600,http://sh.lianjia.com/zufang/shz3830781.html
徐汇,华泾,华泾五村,2室1厅,60平,高区/6层,3600,http://sh.lianjia.com/zufang/shz4001588.html
徐汇,华泾,馨宁公寓,2室1厅,61平,高区/29层,4700,http://sh.lianjia.com/zufang/shz3990523.html
徐汇,华东理工,梅陇九村,2室1厅,52平,低区/6层,4200,http://sh.lianjia.com/zufang/shz3978094.html
徐汇,康健,寿益坊,2室1厅,62平,高区/6层,5200,http://sh.lianjia.com/zufang/shz3952323.html
徐汇,长桥,罗秀二村,2室1厅,59平,中区/6层,4000,http://sh.lianjia.com/zufang/shz3950429.html
徐汇,上海南站,汇成一村,2室1厅,52平,中区/6层,4200,http://sh.lianjia.com/zufang/shz3942391.html
徐汇,长桥,长桥七村,2室1厅,57平,低区/6层,5000,http://sh.lianjia.com/zufang/shz3929714.html
徐汇,华东理工,梅陇路3号,2室0厅,54平,中区/5层,4000,http://sh.lianjia.com/zufang/shz3846938.html
徐汇,华东理工,梅陇九村,2室1厅,61平,高区/6层,4000,http://sh.lianjia.com/zufang/shz3841224.html
徐汇,植物园,园南二村,2室1厅,54平,低区/6层,3900,http://sh.lianjia.com/zufang/shz3765599.html
徐汇,上海南站,汇成四村,2室1厅,58平,高区/6层,4400,http://sh.lianjia.com/zufang/shz3762040.html
徐汇,长桥,长桥八村,2室1厅,57平,低区/6层,4800,http://sh.lianjia.com/zufang/shz4122579.html
徐汇,华东理工,化工一四村,2室1厅,51平,高区/5层,4800,http://sh.lianjia.com/zufang/shz4116996.html
徐汇,上海南站,汇成一村,2室1厅,59平,高区/6层,5130,http://sh.lianjia.com/zufang/shz4115786.html
徐汇,植物园,罗秀三村,2室1厅,53平,低区/6层,3800,http://sh.lianjia.com/zufang/shz4097030.html
徐汇,上海南站,汇成五村,2室1厅,56平,低区/6层,4200,http://sh.lianjia.com/zufang/shz3989530.html
徐汇,上海南站,楼园小区,2室1厅,64平,高区/6层,4500,http://sh.lianjia.com/zufang/shz3985815.html
徐汇,华东理工,梅陇五村,2室1厅,56平,中区/6层,1600,http://sh.lianjia.com/zufang/shz3830781.html
徐汇,华泾,华泾五村,2室1厅,60平,高区/6层,3600,http://sh.lianjia.com/zufang/shz4001588.html
徐汇,华泾,馨宁公寓,2室1厅,61平,高区/29层,4700,http://sh.lianjia.com/zufang/shz3990523.html
徐汇,华东理工,梅陇九村,2室1厅,52平,低区/6层,4200,http://sh.lianjia.com/zufang/shz3978094.html
徐汇,康健,寿益坊,2室1厅,62平,高区/6层,5200,http://sh.lianjia.com/zufang/shz3952323.html
徐汇,长桥,罗秀二村,2室1厅,59平,中区/6层,4000,http://sh.lianjia.com/zufang/shz3950429.html
徐汇,上海南站,汇成一村,2室1厅,52平,中区/6层,4200,http://sh.lianjia.com/zufang/shz3942391.html
徐汇,长桥,长桥七村,2室1厅,57平,低区/6层,5000,http://sh.lianjia.com/zufang/shz3929714.html
徐汇,华东理工,梅陇路3号,2室0厅,54平,中区/5层,4000,http://sh.lianjia.com/zufang/shz3846938.html
徐汇,华东理工,梅陇九村,2室1厅,61平,高区/6层,4000,http://sh.lianjia.com/zufang/shz3841224.html
徐汇,植物园,园南二村,2室1厅,54平,低区/6层,3900,http://sh.lianjia.com/zufang/shz3765599.html
徐汇,上海南站,汇成四村,2室1厅,58平,高区/6层,4400,http://sh.lianjia.com/zufang/shz3762040.html
徐汇,长桥,长桥八村,2室1厅,57平,低区/6层,4800,http://sh.lianjia.com/zufang/shz4122579.html
徐汇,华东理工,化工一四村,2室1厅,51平,高区/5层,4800,http://sh.lianjia.com/zufang/shz4116996.html
徐汇,上海南站,汇成一村,2室1厅,59平,高区/6层,5130,http://sh.lianjia.com/zufang/shz4115786.html
徐汇,植物园,罗秀三村,2室1厅,53平,低区/6层,3800,http://sh.lianjia.com/zufang/shz4097030.html
徐汇,上海南站,汇成五村,2室1厅,56平,低区/6层,4200,http://sh.lianjia.com/zufang/shz3989530.html
徐汇,上海南站,楼园小区,2室1厅,64平,高区/6层,4500,http://sh.lianjia.com/zufang/shz3985815.html
徐汇,华东理工,梅陇五村,2室1厅,56平,中区/6层,1600,http://sh.lianjia.com/zufang/shz3830781.html
徐汇,华泾,华泾五村,2室1厅,60平,高区/6层,3600,http://sh.lianjia.com/zufang/shz4001588.html
徐汇,华泾,馨宁公寓,2室1厅,61平,高区/29层,4700,http://sh.lianjia.com/zufang/shz3990523.html
徐汇,华东理工,梅陇九村,2室1厅,52平,低区/6层,4200,http://sh.lianjia.com/zufang/shz3978094.html
徐汇,康健,寿益坊,2室1厅,62平,高区/6层,5200,http://sh.lianjia.com/zufang/shz3952323.html
徐汇,长桥,罗秀二村,2室1厅,59平,中区/6层,4000,http://sh.lianjia.com/zufang/shz3950429.html
徐汇,上海南站,汇成一村,2室1厅,52平,中区/6层,4200,http://sh.lianjia.com/zufang/shz3942391.html
徐汇,长桥,长桥七村,2室1厅,57平,低区/6层,5000,http://sh.lianjia.com/zufang/shz3929714.html
徐汇,华东理工,梅陇路3号,2室0厅,54平,中区/5层,4000,http://sh.lianjia.com/zufang/shz3846938.html
徐汇,华东理工,梅陇九村,2室1厅,61平,高区/6层,4000,http://sh.lianjia.com/zufang/shz3841224.html
徐汇,植物园,园南二村,2室1厅,54平,低区/6层,3900,http://sh.lianjia.com/zufang/shz3765599.html
徐汇,上海南站,汇成四村,2室1厅,58平,高区/6层,4400,http://sh.lianjia.com/zufang/shz3762040.html
徐汇,长桥,长桥八村,2室1厅,57平,低区/6层,4800,http://sh.lianjia.com/zufang/shz4122579.html
徐汇,华东理工,化工一四村,2室1厅,51平,高区/5层,4800,http://sh.lianjia.com/zufang/shz4116996.html
徐汇,上海南站,汇成一村,2室1厅,59平,高区/6层,5130,http://sh.lianjia.com/zufang/shz4115786.html
徐汇,植物园,罗秀三村,2室1厅,53平,低区/6层,3800,http://sh.lianjia.com/zufang/shz4097030.html
徐汇,上海南站,汇成五村,2室1厅,56平,低区/6层,4200,http://sh.lianjia.com/zufang/shz3989530.html
徐汇,上海南站,楼园小区,2室1厅,64平,高区/6层,4500,http://sh.lianjia.com/zufang/shz3985815.html
徐汇,华东理工,梅陇五村,2室1厅,56平,中区/6层,1600,http://sh.lianjia.com/zufang/shz3830781.html
徐汇,华泾,华泾五村,2室1厅,60平,高区/6层,3600,http://sh.lianjia.com/zufang/shz4001588.html
徐汇,华泾,馨宁公寓,2室1厅,61平,高区/29层,4700,http://sh.lianjia.com/zufang/shz3990523.html
徐汇,华东理工,梅陇九村,2室1厅,52平,低区/6层,4200,http://sh.lianjia.com/zufang/shz3978094.html
徐汇,康健,寿益坊,2室1厅,62平,高区/6层,5200,http://sh.lianjia.com/zufang/shz3952323.html
徐汇,长桥,罗秀二村,2室1厅,59平,中区/6层,4000,http://sh.lianjia.com/zufang/shz3950429.html
徐汇,上海南站,汇成一村,2室1厅,52平,中区/6层,4200,http://sh.lianjia.com/zufang/shz3942391.html
徐汇,长桥,长桥七村,2室1厅,57平,低区/6层,5000,http://sh.lianjia.com/zufang/shz3929714.html
徐汇,华东理工,梅陇路3号,2室0厅,54平,中区/5层,4000,http://sh.lianjia.com/zufang/shz3846938.html
徐汇,华东理工,梅陇九村,2室1厅,61平,高区/6层,4000,http://sh.lianjia.com/zufang/shz3841224.html
徐汇,植物园,园南二村,2室1厅,54平,低区/6层,3900,http://sh.lianjia.com/zufang/shz3765599.html
徐汇,上海南站,汇成四村,2室1厅,58平,高区/6层,4400,http://sh.lianjia.com/zufang/shz3762040.html
徐汇,长桥,长桥八村,2室1厅,57平,低区/6层,4800,http://sh.lianjia.com/zufang/shz4122579.html
徐汇,华东理工,化工一四村,2室1厅,51平,高区/5层,4800,http://sh.lianjia.com/zufang/shz4116996.html
徐汇,上海南站,汇成一村,2室1厅,59平,高区/6层,5130,http://sh.lianjia.com/zufang/shz4115786.html
徐汇,植物园,罗秀三村,2室1厅,53平,低区/6层,3800,http://sh.lianjia.com/zufang/shz4097030.html
徐汇,上海南站,汇成五村,2室1厅,56平,低区/6层,4200,http://sh.lianjia.com/zufang/shz3989530.html
徐汇,上海南站,楼园小区,2室1厅,64平,高区/6层,4500,http://sh.lianjia.com/zufang/shz3985815.html
徐汇,华东理工,梅陇五村,2室1厅,56平,中区/6层,1600,http://sh.lianjia.com/zufang/shz3830781.html
徐汇,华泾,华泾五村,2室1厅,60平,高区/6层,3600,http://sh.lianjia.com/zufang/shz4001588.html
徐汇,华泾,馨宁公寓,2室1厅,61平,高区/29层,4700,http://sh.lianjia.com/zufang/shz3990523.html
徐汇,华东理工,梅陇九村,2室1厅,52平,低区/6层,4200,http://sh.lianjia.com/zufang/shz3978094.html
徐汇,康健,寿益坊,2室1厅,62平,高区/6层,5200,http://sh.lianjia.com/zufang/shz3952323.html
徐汇,长桥,罗秀二村,2室1厅,59平,中区/6层,4000,http://sh.lianjia.com/zufang/shz3950429.html
徐汇,上海南站,汇成一村,2室1厅,52平,中区/6层,4200,http://sh.lianjia.com/zufang/shz3942391.html
徐汇,长桥,长桥七村,2室1厅,57平,低区/6层,5000,http://sh.lianjia.com/zufang/shz3929714.html
徐汇,华东理工,梅陇路3号,2室0厅,54平,中区/5层,4000,http://sh.lianjia.com/zufang/shz3846938.html
徐汇,华东理工,梅陇九村,2室1厅,61平,高区/6层,4000,http://sh.lianjia.com/zufang/shz3841224.html
徐汇,植物园,园南二村,2室1厅,54平,低区/6层,3900,http://sh.lianjia.com/zufang/shz3765599.html
徐汇,上海南站,汇成四村,2室1厅,58平,高区/6层,4400,http://sh.lianjia.com/zufang/shz3762040.html
徐汇,长桥,长桥八村,2室1厅,57平,低区/6层,4800,http://sh.lianjia.com/zufang/shz4122579.html
徐汇,华东理工,化工一四村,2室1厅,51平,高区/5层,4800,http://sh.lianjia.com/zufang/shz4116996.html
徐汇,上海南站,汇成一村,2室1厅,59平,高区/6层,5130,http://sh.lianjia.com/zufang/shz4115786.html
徐汇,植物园,罗秀三村,2室1厅,53平,低区/6层,3800,http://sh.lianjia.com/zufang/shz4097030.html
徐汇,上海南站,汇成五村,2室1厅,56平,低区/6层,4200,http://sh.lianjia.com/zufang/shz3989530.html
徐汇,上海南站,楼园小区,2室1厅,64平,高区/6层,4500,http://sh.lianjia.com/zufang/shz3985815.html
徐汇,华东理工,梅陇五村,2室1厅,56平,中区/6层,1600,http://sh.lianjia.com/zufang/shz3830781.html
徐汇,华泾,华泾五村,2室1厅,60平,高区/6层,3600,http://sh.lianjia.com/zufang/shz4001588.html
徐汇,华泾,馨宁公寓,2室1厅,61平,高区/29层,4700,http://sh.lianjia.com/zufang/shz3990523.html
徐汇,华东理工,梅陇九村,2室1厅,52平,低区/6层,4200,http://sh.lianjia.com/zufang/shz3978094.html
徐汇,康健,寿益坊,2室1厅,62平,高区/6层,5200,http://sh.lianjia.com/zufang/shz3952323.html
徐汇,长桥,罗秀二村,2室1厅,59平,中区/6层,4000,http://sh.lianjia.com/zufang/shz3950429.html
徐汇,上海南站,汇成一村,2室1厅,52平,中区/6层,4200,http://sh.lianjia.com/zufang/shz3942391.html
徐汇,长桥,长桥七村,2室1厅,57平,低区/6层,5000,http://sh.lianjia.com/zufang/shz3929714.html
徐汇,华东理工,梅陇路3号,2室0厅,54平,中区/5层,4000,http://sh.lianjia.com/zufang/shz3846938.html
徐汇,华东理工,梅陇九村,2室1厅,61平,高区/6层,4000,http://sh.lianjia.com/zufang/shz3841224.html
徐汇,植物园,园南二村,2室1厅,54平,低区/6层,3900,http://sh.lianjia.com/zufang/shz3765599.html
徐汇,上海南站,汇成四村,2室1厅,58平,高区/6层,4400,http://sh.lianjia.com/zufang/shz3762040.html
徐汇,长桥,长桥八村,2室1厅,57平,低区/6层,4800,http://sh.lianjia.com/zufang/shz4122579.html
徐汇,华东理工,化工一四村,2室1厅,51平,高区/5层,4800,http://sh.lianjia.com/zufang/shz4116996.html
徐汇,上海南站,汇成一村,2室1厅,59平,高区/6层,5130,http://sh.lianjia.com/zufang/shz4115786.html
徐汇,植物园,罗秀三村,2室1厅,53平,低区/6层,3800,http://sh.lianjia.com/zufang/shz4097030.html
徐汇,上海南站,汇成五村,2室1厅,56平,低区/6层,4200,http://sh.lianjia.com/zufang/shz3989530.html
徐汇,上海南站,楼园小区,2室1厅,64平,高区/6层,4500,http://sh.lianjia.com/zufang/shz3985815.html
徐汇,华东理工,梅陇五村,2室1厅,56平,中区/6层,1600,http://sh.lianjia.com/zufang/shz3830781.html
徐汇,华泾,华泾五村,2室1厅,60平,高区/6层,3600,http://sh.lianjia.com/zufang/shz4001588.html
徐汇,华泾,馨宁公寓,2室1厅,61平,高区/29层,4700,http://sh.lianjia.com/zufang/shz3990523.html
徐汇,华东理工,梅陇九村,2室1厅,52平,低区/6层,4200,http://sh.lianjia.com/zufang/shz3978094.html
徐汇,康健,寿益坊,2室1厅,62平,高区/6层,5200,http://sh.lianjia.com/zufang/shz3952323.html
徐汇,长桥,罗秀二村,2室1厅,59平,中区/6层,4000,http://sh.lianjia.com/zufang/shz3950429.html
徐汇,上海南站,汇成一村,2室1厅,52平,中区/6层,4200,http://sh.lianjia.com/zufang/shz3942391.html
徐汇,长桥,长桥七村,2室1厅,57平,低区/6层,5000,http://sh.lianjia.com/zufang/shz3929714.html
徐汇,华东理工,梅陇路3号,2室0厅,54平,中区/5层,4000,http://sh.lianjia.com/zufang/shz3846938.html
徐汇,华东理工,梅陇九村,2室1厅,61平,高区/6层,4000,http://sh.lianjia.com/zufang/shz3841224.html
徐汇,植物园,园南二村,2室1厅,54平,低区/6层,3900,http://sh.lianjia.com/zufang/shz3765599.html
徐汇,上海南站,汇成四村,2室1厅,58平,高区/6层,4400,http://sh.lianjia.com/zufang/shz3762040.html
徐汇,长桥,长桥八村,2室1厅,57平,低区/6层,4800,http://sh.lianjia.com/zufang/shz4122579.html
徐汇,华东理工,化工一四村,2室1厅,51平,高区/5层,4800,http://sh.lianjia.com/zufang/shz4116996.html
徐汇,上海南站,汇成一村,2室1厅,59平,高区/6层,5130,http://sh.lianjia.com/zufang/shz4115786.html
徐汇,植物园,罗秀三村,2室1厅,53平,低区/6层,3800,http://sh.lianjia.com/zufang/shz4097030.html
徐汇,上海南站,汇成五村,2室1厅,56平,低区/6层,4200,http://sh.lianjia.com/zufang/shz3989530.html
徐汇,上海南站,楼园小区,2室1厅,64平,高区/6层,4500,http://sh.lianjia.com/zufang/shz3985815.html
徐汇,华东理工,梅陇五村,2室1厅,56平,中区/6层,1600,http://sh.lianjia.com/zufang/shz3830781.html
徐汇,华泾,华泾五村,2室1厅,60平,高区/6层,3600,http://sh.lianjia.com/zufang/shz4001588.html
徐汇,华泾,馨宁公寓,2室1厅,61平,高区/29层,4700,http://sh.lianjia.com/zufang/shz3990523.html
徐汇,华东理工,梅陇九村,2室1厅,52平,低区/6层,4200,http://sh.lianjia.com/zufang/shz3978094.html
徐汇,康健,寿益坊,2室1厅,62平,高区/6层,5200,http://sh.lianjia.com/zufang/shz3952323.html
徐汇,长桥,罗秀二村,2室1厅,59平,中区/6层,4000,http://sh.lianjia.com/zufang/shz3950429.html
徐汇,上海南站,汇成一村,2室1厅,52平,中区/6层,4200,http://sh.lianjia.com/zufang/shz3942391.html
徐汇,长桥,长桥七村,2室1厅,57平,低区/6层,5000,http://sh.lianjia.com/zufang/shz3929714.html
徐汇,华东理工,梅陇路3号,2室0厅,54平,中区/5层,4000,http://sh.lianjia.com/zufang/shz3846938.html
徐汇,华东理工,梅陇九村,2室1厅,61平,高区/6层,4000,http://sh.lianjia.com/zufang/shz3841224.html
徐汇,植物园,园南二村,2室1厅,54平,低区/6层,3900,http://sh.lianjia.com/zufang/shz3765599.html
徐汇,上海南站,汇成四村,2室1厅,58平,高区/6层,4400,http://sh.lianjia.com/zufang/shz3762040.html
徐汇,长桥,长桥八村,2室1厅,57平,低区/6层,4800,http://sh.lianjia.com/zufang/shz4122579.html
徐汇,华东理工,化工一四村,2室1厅,51平,高区/5层,4800,http://sh.lianjia.com/zufang/shz4116996.html
徐汇,上海南站,汇成一村,2室1厅,59平,高区/6层,5130,http://sh.lianjia.com/zufang/shz4115786.html
徐汇,植物园,罗秀三村,2室1厅,53平,低区/6层,3800,http://sh.lianjia.com/zufang/shz4097030.html
徐汇,上海南站,汇成五村,2室1厅,56平,低区/6层,4200,http://sh.lianjia.com/zufang/shz3989530.html
徐汇,上海南站,楼园小区,2室1厅,64平,高区/6层,4500,http://sh.lianjia.com/zufang/shz3985815.html
徐汇,华东理工,梅陇五村,2室1厅,56平,中区/6层,1600,http://sh.lianjia.com/zufang/shz3830781.html
徐汇,华泾,华泾五村,2室1厅,60平,高区/6层,3600,http://sh.lianjia.com/zufang/shz4001588.html
徐汇,华泾,馨宁公寓,2室1厅,61平,高区/29层,4700,http://sh.lianjia.com/zufang/shz3990523.html
徐汇,华东理工,梅陇九村,2室1厅,52平,低区/6层,4200,http://sh.lianjia.com/zufang/shz3978094.html
徐汇,康健,寿益坊,2室1厅,62平,高区/6层,5200,http://sh.lianjia.com/zufang/shz3952323.html
徐汇,长桥,罗秀二村,2室1厅,59平,中区/6层,4000,http://sh.lianjia.com/zufang/shz3950429.html
徐汇,上海南站,汇成一村,2室1厅,52平,中区/6层,4200,http://sh.lianjia.com/zufang/shz3942391.html
徐汇,长桥,长桥七村,2室1厅,57平,低区/6层,5000,http://sh.lianjia.com/zufang/shz3929714.html
徐汇,华东理工,梅陇路3号,2室0厅,54平,中区/5层,4000,http://sh.lianjia.com/zufang/shz3846938.html
徐汇,华东理工,梅陇九村,2室1厅,61平,高区/6层,4000,http://sh.lianjia.com/zufang/shz3841224.html
徐汇,植物园,园南二村,2室1厅,54平,低区/6层,3900,http://sh.lianjia.com/zufang/shz3765599.html
徐汇,上海南站,汇成四村,2室1厅,58平,高区/6层,4400,http://sh.lianjia.com/zufang/shz3762040.html
徐汇,长桥,长桥八村,2室1厅,57平,低区/6层,4800,http://sh.lianjia.com/zufang/shz4122579.html
徐汇,华东理工,化工一四村,2室1厅,51平,高区/5层,4800,http://sh.lianjia.com/zufang/shz4116996.html
徐汇,上海南站,汇成一村,2室1厅,59平,高区/6层,5130,http://sh.lianjia.com/zufang/shz4115786.html
徐汇,植物园,罗秀三村,2室1厅,53平,低区/6层,3800,http://sh.lianjia.com/zufang/shz4097030.html
徐汇,上海南站,汇成五村,2室1厅,56平,低区/6层,4200,http://sh.lianjia.com/zufang/shz3989530.html
徐汇,上海南站,楼园小区,2室1厅,64平,高区/6层,4500,http://sh.lianjia.com/zufang/shz3985815.html
徐汇,华东理工,梅陇五村,2室1厅,56平,中区/6层,1600,http://sh.lianjia.com/zufang/shz3830781.html
徐汇,华泾,华泾五村,2室1厅,60平,高区/6层,3600,http://sh.lianjia.com/zufang/shz4001588.html
徐汇,华泾,馨宁公寓,2室1厅,61平,高区/29层,4700,http://sh.lianjia.com/zufang/shz3990523.html
徐汇,华东理工,梅陇九村,2室1厅,52平,低区/6层,4200,http://sh.lianjia.com/zufang/shz3978094.html
徐汇,康健,寿益坊,2室1厅,62平,高区/6层,5200,http://sh.lianjia.com/zufang/shz3952323.html
徐汇,长桥,罗秀二村,2室1厅,59平,中区/6层,4000,http://sh.lianjia.com/zufang/shz3950429.html
徐汇,上海南站,汇成一村,2室1厅,52平,中区/6层,4200,http://sh.lianjia.com/zufang/shz3942391.html
徐汇,长桥,长桥七村,2室1厅,57平,低区/6层,5000,http://sh.lianjia.com/zufang/shz3929714.html
徐汇,华东理工,梅陇路3号,2室0厅,54平,中区/5层,4000,http://sh.lianjia.com/zufang/shz3846938.html
徐汇,华东理工,梅陇九村,2室1厅,61平,高区/6层,4000,http://sh.lianjia.com/zufang/shz3841224.html
徐汇,植物园,园南二村,2室1厅,54平,低区/6层,3900,http://sh.lianjia.com/zufang/shz3765599.html
徐汇,上海南站,汇成四村,2室1厅,58平,高区/6层,4400,http://sh.lianjia.com/zufang/shz3762040.html
徐汇,长桥,长桥八村,2室1厅,57平,低区/6层,4800,http://sh.lianjia.com/zufang/shz4122579.html
徐汇,华东理工,化工一四村,2室1厅,51平,高区/5层,4800,http://sh.lianjia.com/zufang/shz4116996.html
徐汇,上海南站,汇成一村,2室1厅,59平,高区/6层,5130,http://sh.lianjia.com/zufang/shz4115786.html
徐汇,植物园,罗秀三村,2室1厅,53平,低区/6层,3800,http://sh.lianjia.com/zufang/shz4097030.html
徐汇,上海南站,汇成五村,2室1厅,56平,低区/6层,4200,http://sh.lianjia.com/zufang/shz3989530.html
徐汇,上海南站,楼园小区,2室1厅,64平,高区/6层,4500,http://sh.lianjia.com/zufang/shz3985815.html
徐汇,华东理工,梅陇五村,2室1厅,56平,中区/6层,1600,http://sh.lianjia.com/zufang/shz3830781.html
徐汇,华泾,华泾五村,2室1厅,60平,高区/6层,3600,http://sh.lianjia.com/zufang/shz4001588.html
徐汇,华泾,馨宁公寓,2室1厅,61平,高区/29层,4700,http://sh.lianjia.com/zufang/shz3990523.html
徐汇,华东理工,梅陇九村,2室1厅,52平,低区/6层,4200,http://sh.lianjia.com/zufang/shz3978094.html
徐汇,康健,寿益坊,2室1厅,62平,高区/6层,5200,http://sh.lianjia.com/zufang/shz3952323.html
徐汇,长桥,罗秀二村,2室1厅,59平,中区/6层,4000,http://sh.lianjia.com/zufang/shz3950429.html
徐汇,上海南站,汇成一村,2室1厅,52平,中区/6层,4200,http://sh.lianjia.com/zufang/shz3942391.html
徐汇,长桥,长桥七村,2室1厅,57平,低区/6层,5000,http://sh.lianjia.com/zufang/shz3929714.html
徐汇,华东理工,梅陇路3号,2室0厅,54平,中区/5层,4000,http://sh.lianjia.com/zufang/shz3846938.html
徐汇,华东理工,梅陇九村,2室1厅,61平,高区/6层,4000,http://sh.lianjia.com/zufang/shz3841224.html
徐汇,植物园,园南二村,2室1厅,54平,低区/6层,3900,http://sh.lianjia.com/zufang/shz3765599.html
徐汇,上海南站,汇成四村,2室1厅,58平,高区/6层,4400,http://sh.lianjia.com/zufang/shz3762040.html
徐汇,长桥,长桥八村,2室1厅,57平,低区/6层,4800,http://sh.lianjia.com/zufang/shz4122579.html
徐汇,华东理工,化工一四村,2室1厅,51平,高区/5层,4800,http://sh.lianjia.com/zufang/shz4116996.html
徐汇,上海南站,汇成一村,2室1厅,59平,高区/6层,5130,http://sh.lianjia.com/zufang/shz4115786.html
徐汇,植物园,罗秀三村,2室1厅,53平,低区/6层,3800,http://sh.lianjia.com/zufang/shz4097030.html
徐汇,上海南站,汇成五村,2室1厅,56平,低区/6层,4200,http://sh.lianjia.com/zufang/shz3989530.html
徐汇,上海南站,楼园小区,2室1厅,64平,高区/6层,4500,http://sh.lianjia.com/zufang/shz3985815.html
徐汇,华东理工,梅陇五村,2室1厅,56平,中区/6层,1600,http://sh.lianjia.com/zufang/shz3830781.html
徐汇,华泾,华泾五村,2室1厅,60平,高区/6层,3600,http://sh.lianjia.com/zufang/shz4001588.html
徐汇,华泾,馨宁公寓,2室1厅,61平,高区/29层,4700,http://sh.lianjia.com/zufang/shz3990523.html
徐汇,华东理工,梅陇九村,2室1厅,52平,低区/6层,4200,http://sh.lianjia.com/zufang/shz3978094.html
徐汇,康健,寿益坊,2室1厅,62平,高区/6层,5200,http://sh.lianjia.com/zufang/shz3952323.html
徐汇,长桥,罗秀二村,2室1厅,59平,中区/6层,4000,http://sh.lianjia.com/zufang/shz3950429.html
徐汇,上海南站,汇成一村,2室1厅,52平,中区/6层,4200,http://sh.lianjia.com/zufang/shz3942391.html
徐汇,长桥,长桥七村,2室1厅,57平,低区/6层,5000,http://sh.lianjia.com/zufang/shz3929714.html
徐汇,华东理工,梅陇路3号,2室0厅,54平,中区/5层,4000,http://sh.lianjia.com/zufang/shz3846938.html
徐汇,华东理工,梅陇九村,2室1厅,61平,高区/6层,4000,http://sh.lianjia.com/zufang/shz3841224.html
徐汇,植物园,园南二村,2室1厅,54平,低区/6层,3900,http://sh.lianjia.com/zufang/shz3765599.html
徐汇,上海南站,汇成四村,2室1厅,58平,高区/6层,4400,http://sh.lianjia.com/zufang/shz3762040.html
徐汇,长桥,长桥八村,2室1厅,57平,低区/6层,4800,http://sh.lianjia.com/zufang/shz4122579.html
徐汇,华东理工,化工一四村,2室1厅,51平,高区/5层,4800,http://sh.lianjia.com/zufang/shz4116996.html
徐汇,上海南站,汇成一村,2室1厅,59平,高区/6层,5130,http://sh.lianjia.com/zufang/shz4115786.html
徐汇,植物园,罗秀三村,2室1厅,53平,低区/6层,3800,http://sh.lianjia.com/zufang/shz4097030.html
徐汇,上海南站,汇成五村,2室1厅,56平,低区/6层,4200,http://sh.lianjia.com/zufang/shz3989530.html
徐汇,上海南站,楼园小区,2室1厅,64平,高区/6层,4500,http://sh.lianjia.com/zufang/shz3985815.html
徐汇,华东理工,梅陇五村,2室1厅,56平,中区/6层,1600,http://sh.lianjia.com/zufang/shz3830781.html
徐汇,华泾,华泾五村,2室1厅,60平,高区/6层,3600,http://sh.lianjia.com/zufang/shz4001588.html
徐汇,华泾,馨宁公寓,2室1厅,61平,高区/29层,4700,http://sh.lianjia.com/zufang/shz3990523.html
徐汇,华东理工,梅陇九村,2室1厅,52平,低区/6层,4200,http://sh.lianjia.com/zufang/shz3978094.html
徐汇,康健,寿益坊,2室1厅,62平,高区/6层,5200,http://sh.lianjia.com/zufang/shz3952323.html
徐汇,长桥,罗秀二村,2室1厅,59平,中区/6层,4000,http://sh.lianjia.com/zufang/shz3950429.html
徐汇,上海南站,汇成一村,2室1厅,52平,中区/6层,4200,http://sh.lianjia.com/zufang/shz3942391.html
徐汇,长桥,长桥七村,2室1厅,57平,低区/6层,5000,http://sh.lianjia.com/zufang/shz3929714.html
徐汇,华东理工,梅陇路3号,2室0厅,54平,中区/5层,4000,http://sh.lianjia.com/zufang/shz3846938.html
徐汇,华东理工,梅陇九村,2室1厅,61平,高区/6层,4000,http://sh.lianjia.com/zufang/shz3841224.html
徐汇,植物园,园南二村,2室1厅,54平,低区/6层,3900,http://sh.lianjia.com/zufang/shz3765599.html
徐汇,上海南站,汇成四村,2室1厅,58平,高区/6层,4400,http://sh.lianjia.com/zufang/shz3762040.html
徐汇,长桥,长桥八村,2室1厅,57平,低区/6层,4800,http://sh.lianjia.com/zufang/shz4122579.html
徐汇,华东理工,化工一四村,2室1厅,51平,高区/5层,4800,http://sh.lianjia.com/zufang/shz4116996.html
徐汇,上海南站,汇成一村,2室1厅,59平,高区/6层,5130,http://sh.lianjia.com/zufang/shz4115786.html
徐汇,植物园,罗秀三村,2室1厅,53平,低区/6层,3800,http://sh.lianjia.com/zufang/shz4097030.html
徐汇,上海南站,汇成五村,2室1厅,56平,低区/6层,4200,http://sh.lianjia.com/zufang/shz3989530.html
徐汇,上海南站,楼园小区,2室1厅,64平,高区/6层,4500,http://sh.lianjia.com/zufang/shz3985815.html
徐汇,华东理工,梅陇五村,2室1厅,56平,中区/6层,1600,http://sh.lianjia.com/zufang/shz3830781.html
徐汇,华泾,华泾五村,2室1厅,60平,高区/6层,3600,http://sh.lianjia.com/zufang/shz4001588.html
徐汇,华泾,馨宁公寓,2室1厅,61平,高区/29层,4700,http://sh.lianjia.com/zufang/shz3990523.html
徐汇,华东理工,梅陇九村,2室1厅,52平,低区/6层,4200,http://sh.lianjia.com/zufang/shz3978094.html
徐汇,康健,寿益坊,2室1厅,62平,高区/6层,5200,http://sh.lianjia.com/zufang/shz3952323.html
徐汇,长桥,罗秀二村,2室1厅,59平,中区/6层,4000,http://sh.lianjia.com/zufang/shz3950429.html
徐汇,上海南站,汇成一村,2室1厅,52平,中区/6层,4200,http://sh.lianjia.com/zufang/shz3942391.html
徐汇,长桥,长桥七村,2室1厅,57平,低区/6层,5000,http://sh.lianjia.com/zufang/shz3929714.html
徐汇,华东理工,梅陇路3号,2室0厅,54平,中区/5层,4000,http://sh.lianjia.com/zufang/shz3846938.html
徐汇,华东理工,梅陇九村,2室1厅,61平,高区/6层,4000,http://sh.lianjia.com/zufang/shz3841224.html
徐汇,植物园,园南二村,2室1厅,54平,低区/6层,3900,http://sh.lianjia.com/zufang/shz3765599.html
徐汇,上海南站,汇成四村,2室1厅,58平,高区/6层,4400,http://sh.lianjia.com/zufang/shz3762040.html
徐汇,长桥,长桥八村,2室1厅,57平,低区/6层,4800,http://sh.lianjia.com/zufang/shz4122579.html
徐汇,华东理工,化工一四村,2室1厅,51平,高区/5层,4800,http://sh.lianjia.com/zufang/shz4116996.html
徐汇,上海南站,汇成一村,2室1厅,59平,高区/6层,5130,http://sh.lianjia.com/zufang/shz4115786.html
徐汇,植物园,罗秀三村,2室1厅,53平,低区/6层,3800,http://sh.lianjia.com/zufang/shz4097030.html
徐汇,上海南站,汇成五村,2室1厅,56平,低区/6层,4200,http://sh.lianjia.com/zufang/shz3989530.html
徐汇,上海南站,楼园小区,2室1厅,64平,高区/6层,4500,http://sh.lianjia.com/zufang/shz3985815.html
徐汇,华东理工,梅陇五村,2室1厅,56平,中区/6层,1600,http://sh.lianjia.com/zufang/shz3830781.html
徐汇,华泾,华泾五村,2室1厅,60平,高区/6层,3600,http://sh.lianjia.com/zufang/shz4001588.html
徐汇,华泾,馨宁公寓,2室1厅,61平,高区/29层,4700,http://sh.lianjia.com/zufang/shz3990523.html
徐汇,华东理工,梅陇九村,2室1厅,52平,低区/6层,4200,http://sh.lianjia.com/zufang/shz3978094.html
徐汇,康健,寿益坊,2室1厅,62平,高区/6层,5200,http://sh.lianjia.com/zufang/shz3952323.html
徐汇,长桥,罗秀二村,2室1厅,59平,中区/6层,4000,http://sh.lianjia.com/zufang/shz3950429.html
徐汇,上海南站,汇成一村,2室1厅,52平,中区/6层,4200,http://sh.lianjia.com/zufang/shz3942391.html
徐汇,长桥,长桥七村,2室1厅,57平,低区/6层,5000,http://sh.lianjia.com/zufang/shz3929714.html
徐汇,华东理工,梅陇路3号,2室0厅,54平,中区/5层,4000,http://sh.lianjia.com/zufang/shz3846938.html
徐汇,华东理工,梅陇九村,2室1厅,61平,高区/6层,4000,http://sh.lianjia.com/zufang/shz3841224.html
徐汇,植物园,园南二村,2室1厅,54平,低区/6层,3900,http://sh.lianjia.com/zufang/shz3765599.html
徐汇,上海南站,汇成四村,2室1厅,58平,高区/6层,4400,http://sh.lianjia.com/zufang/shz3762040.html
徐汇,长桥,长桥八村,2室1厅,57平,低区/6层,4800,http://sh.lianjia.com/zufang/shz4122579.html
徐汇,华东理工,化工一四村,2室1厅,51平,高区/5层,4800,http://sh.lianjia.com/zufang/shz4116996.html
徐汇,上海南站,汇成一村,2室1厅,59平,高区/6层,5130,http://sh.lianjia.com/zufang/shz4115786.html
徐汇,植物园,罗秀三村,2室1厅,53平,低区/6层,3800,http://sh.lianjia.com/zufang/shz4097030.html
徐汇,上海南站,汇成五村,2室1厅,56平,低区/6层,4200,http://sh.lianjia.com/zufang/shz3989530.html
徐汇,上海南站,楼园小区,2室1厅,64平,高区/6层,4500,http://sh.lianjia.com/zufang/shz3985815.html
徐汇,华东理工,梅陇五村,2室1厅,56平,中区/6层,1600,http://sh.lianjia.com/zufang/shz3830781.html
徐汇,华泾,华泾五村,2室1厅,60平,高区/6层,3600,http://sh.lianjia.com/zufang/shz4001588.html
徐汇,华泾,馨宁公寓,2室1厅,61平,高区/29层,4700,http://sh.lianjia.com/zufang/shz3990523.html
徐汇,华东理工,梅陇九村,2室1厅,52平,低区/6层,4200,http://sh.lianjia.com/zufang/shz3978094.html
徐汇,康健,寿益坊,2室1厅,62平,高区/6层,5200,http://sh.lianjia.com/zufang/shz3952323.html
徐汇,长桥,罗秀二村,2室1厅,59平,中区/6层,4000,http://sh.lianjia.com/zufang/shz3950429.html
徐汇,上海南站,汇成一村,2室1厅,52平,中区/6层,4200,http://sh.lianjia.com/zufang/shz3942391.html
徐汇,长桥,长桥七村,2室1厅,57平,低区/6层,5000,http://sh.lianjia.com/zufang/shz3929714.html
徐汇,华东理工,梅陇路3号,2室0厅,54平,中区/5层,4000,http://sh.lianjia.com/zufang/shz3846938.html
徐汇,华东理工,梅陇九村,2室1厅,61平,高区/6层,4000,http://sh.lianjia.com/zufang/shz3841224.html
徐汇,植物园,园南二村,2室1厅,54平,低区/6层,3900,http://sh.lianjia.com/zufang/shz3765599.html
徐汇,上海南站,汇成四村,2室1厅,58平,高区/6层,4400,http://sh.lianjia.com/zufang/shz3762040.html
徐汇,长桥,长桥八村,2室1厅,57平,低区/6层,4800,http://sh.lianjia.com/zufang/shz4122579.html
徐汇,华东理工,化工一四村,2室1厅,51平,高区/5层,4800,http://sh.lianjia.com/zufang/shz4116996.html
徐汇,上海南站,汇成一村,2室1厅,59平,高区/6层,5130,http://sh.lianjia.com/zufang/shz4115786.html
徐汇,植物园,罗秀三村,2室1厅,53平,低区/6层,3800,http://sh.lianjia.com/zufang/shz4097030.html
徐汇,上海南站,汇成五村,2室1厅,56平,低区/6层,4200,http://sh.lianjia.com/zufang/shz3989530.html
徐汇,上海南站,楼园小区,2室1厅,64平,高区/6层,4500,http://sh.lianjia.com/zufang/shz3985815.html
徐汇,华东理工,梅陇五村,2室1厅,56平,中区/6层,1600,http://sh.lianjia.com/zufang/shz3830781.html
徐汇,华泾,华泾五村,2室1厅,60平,高区/6层,3600,http://sh.lianjia.com/zufang/shz4001588.html
徐汇,华泾,馨宁公寓,2室1厅,61平,高区/29层,4700,http://sh.lianjia.com/zufang/shz3990523.html
徐汇,华东理工,梅陇九村,2室1厅,52平,低区/6层,4200,http://sh.lianjia.com/zufang/shz3978094.html
徐汇,康健,寿益坊,2室1厅,62平,高区/6层,5200,http://sh.lianjia.com/zufang/shz3952323.html
徐汇,长桥,罗秀二村,2室1厅,59平,中区/6层,4000,http://sh.lianjia.com/zufang/shz3950429.html
徐汇,上海南站,汇成一村,2室1厅,52平,中区/6层,4200,http://sh.lianjia.com/zufang/shz3942391.html
徐汇,长桥,长桥七村,2室1厅,57平,低区/6层,5000,http://sh.lianjia.com/zufang/shz3929714.html
徐汇,华东理工,梅陇路3号,2室0厅,54平,中区/5层,4000,http://sh.lianjia.com/zufang/shz3846938.html
徐汇,华东理工,梅陇九村,2室1厅,61平,高区/6层,4000,http://sh.lianjia.com/zufang/shz3841224.html
徐汇,植物园,园南二村,2室1厅,54平,低区/6层,3900,http://sh.lianjia.com/zufang/shz3765599.html
徐汇,上海南站,汇成四村,2室1厅,58平,高区/6层,4400,http://sh.lianjia.com/zufang/shz3762040.html
徐汇,长桥,长桥八村,2室1厅,57平,低区/6层,4800,http://sh.lianjia.com/zufang/shz4122579.html
徐汇,华东理工,化工一四村,2室1厅,51平,高区/5层,4800,http://sh.lianjia.com/zufang/shz4116996.html
徐汇,上海南站,汇成一村,2室1厅,59平,高区/6层,5130,http://sh.lianjia.com/zufang/shz4115786.html
徐汇,植物园,罗秀三村,2室1厅,53平,低区/6层,3800,http://sh.lianjia.com/zufang/shz4097030.html
徐汇,上海南站,汇成五村,2室1厅,56平,低区/6层,4200,http://sh.lianjia.com/zufang/shz3989530.html
徐汇,上海南站,楼园小区,2室1厅,64平,高区/6层,4500,http://sh.lianjia.com/zufang/shz3985815.html
徐汇,华东理工,梅陇五村,2室1厅,56平,中区/6层,1600,http://sh.lianjia.com/zufang/shz3830781.html
徐汇,华泾,华泾五村,2室1厅,60平,高区/6层,3600,http://sh.lianjia.com/zufang/shz4001588.html
徐汇,华泾,馨宁公寓,2室1厅,61平,高区/29层,4700,http://sh.lianjia.com/zufang/shz3990523.html
徐汇,华东理工,梅陇九村,2室1厅,52平,低区/6层,4200,http://sh.lianjia.com/zufang/shz3978094.html
徐汇,康健,寿益坊,2室1厅,62平,高区/6层,5200,http://sh.lianjia.com/zufang/shz3952323.html
徐汇,长桥,罗秀二村,2室1厅,59平,中区/6层,4000,http://sh.lianjia.com/zufang/shz3950429.html
徐汇,上海南站,汇成一村,2室1厅,52平,中区/6层,4200,http://sh.lianjia.com/zufang/shz3942391.html
徐汇,长桥,长桥七村,2室1厅,57平,低区/6层,5000,http://sh.lianjia.com/zufang/shz3929714.html
徐汇,华东理工,梅陇路3号,2室0厅,54平,中区/5层,4000,http://sh.lianjia.com/zufang/shz3846938.html
徐汇,华东理工,梅陇九村,2室1厅,61平,高区/6层,4000,http://sh.lianjia.com/zufang/shz3841224.html
徐汇,植物园,园南二村,2室1厅,54平,低区/6层,3900,http://sh.lianjia.com/zufang/shz3765599.html
徐汇,上海南站,汇成四村,2室1厅,58平,高区/6层,4400,http://sh.lianjia.com/zufang/shz3762040.html
徐汇,长桥,长桥八村,2室1厅,57平,低区/6层,4800,http://sh.lianjia.com/zufang/shz4122579.html
徐汇,华东理工,化工一四村,2室1厅,51平,高区/5层,4800,http://sh.lianjia.com/zufang/shz4116996.html
徐汇,上海南站,汇成一村,2室1厅,59平,高区/6层,5130,http://sh.lianjia.com/zufang/shz4115786.html
徐汇,植物园,罗秀三村,2室1厅,53平,低区/6层,3800,http://sh.lianjia.com/zufang/shz4097030.html
徐汇,上海南站,汇成五村,2室1厅,56平,低区/6层,4200,http://sh.lianjia.com/zufang/shz3989530.html
徐汇,上海南站,楼园小区,2室1厅,64平,高区/6层,4500,http://sh.lianjia.com/zufang/shz3985815.html
徐汇,华东理工,梅陇五村,2室1厅,56平,中区/6层,1600,http://sh.lianjia.com/zufang/shz3830781.html
徐汇,华泾,华泾五村,2室1厅,60平,高区/6层,3600,http://sh.lianjia.com/zufang/shz4001588.html
徐汇,华泾,馨宁公寓,2室1厅,61平,高区/29层,4700,http://sh.lianjia.com/zufang/shz3990523.html
徐汇,华东理工,梅陇九村,2室1厅,52平,低区/6层,4200,http://sh.lianjia.com/zufang/shz3978094.html
徐汇,康健,寿益坊,2室1厅,62平,高区/6层,5200,http://sh.lianjia.com/zufang/shz3952323.html
徐汇,长桥,罗秀二村,2室1厅,59平,中区/6层,4000,http://sh.lianjia.com/zufang/shz3950429.html
徐汇,上海南站,汇成一村,2室1厅,52平,中区/6层,4200,http://sh.lianjia.com/zufang/shz3942391.html
徐汇,长桥,长桥七村,2室1厅,57平,低区/6层,5000,http://sh.lianjia.com/zufang/shz3929714.html
徐汇,华东理工,梅陇路3号,2室0厅,54平,中区/5层,4000,http://sh.lianjia.com/zufang/shz3846938.html
徐汇,华东理工,梅陇九村,2室1厅,61平,高区/6层,4000,http://sh.lianjia.com/zufang/shz3841224.html
徐汇,植物园,园南二村,2室1厅,54平,低区/6层,3900,http://sh.lianjia.com/zufang/shz3765599.html
徐汇,上海南站,汇成四村,2室1厅,58平,高区/6层,4400,http://sh.lianjia.com/zufang/shz3762040.html
徐汇,长桥,长桥八村,2室1厅,57平,低区/6层,4800,http://sh.lianjia.com/zufang/shz4122579.html
徐汇,华东理工,化工一四村,2室1厅,51平,高区/5层,4800,http://sh.lianjia.com/zufang/shz4116996.html
徐汇,上海南站,汇成一村,2室1厅,59平,高区/6层,5130,http://sh.lianjia.com/zufang/shz4115786.html
徐汇,植物园,罗秀三村,2室1厅,53平,低区/6层,3800,http://sh.lianjia.com/zufang/shz4097030.html
徐汇,上海南站,汇成五村,2室1厅,56平,低区/6层,4200,http://sh.lianjia.com/zufang/shz3989530.html
徐汇,上海南站,楼园小区,2室1厅,64平,高区/6层,4500,http://sh.lianjia.com/zufang/shz3985815.html
徐汇,华东理工,梅陇五村,2室1厅,56平,中区/6层,1600,http://sh.lianjia.com/zufang/shz3830781.html
徐汇,华泾,华泾五村,2室1厅,60平,高区/6层,3600,http://sh.lianjia.com/zufang/shz4001588.html
徐汇,华泾,馨宁公寓,2室1厅,61平,高区/29层,4700,http://sh.lianjia.com/zufang/shz3990523.html
徐汇,华东理工,梅陇九村,2室1厅,52平,低区/6层,4200,http://sh.lianjia.com/zufang/shz3978094.html
徐汇,康健,寿益坊,2室1厅,62平,高区/6层,5200,http://sh.lianjia.com/zufang/shz3952323.html
徐汇,长桥,罗秀二村,2室1厅,59平,中区/6层,4000,http://sh.lianjia.com/zufang/shz3950429.html
徐汇,上海南站,汇成一村,2室1厅,52平,中区/6层,4200,http://sh.lianjia.com/zufang/shz3942391.html
徐汇,长桥,长桥七村,2室1厅,57平,低区/6层,5000,http://sh.lianjia.com/zufang/shz3929714.html
徐汇,华东理工,梅陇路3号,2室0厅,54平,中区/5层,4000,http://sh.lianjia.com/zufang/shz3846938.html
徐汇,华东理工,梅陇九村,2室1厅,61平,高区/6层,4000,http://sh.lianjia.com/zufang/shz3841224.html
徐汇,植物园,园南二村,2室1厅,54平,低区/6层,3900,http://sh.lianjia.com/zufang/shz3765599.html
徐汇,上海南站,汇成四村,2室1厅,58平,高区/6层,4400,http://sh.lianjia.com/zufang/shz3762040.html
徐汇,长桥,长桥八村,2室1厅,57平,低区/6层,4800,http://sh.lianjia.com/zufang/shz4122579.html
徐汇,华东理工,化工一四村,2室1厅,51平,高区/5层,4800,http://sh.lianjia.com/zufang/shz4116996.html
徐汇,上海南站,汇成一村,2室1厅,59平,高区/6层,5130,http://sh.lianjia.com/zufang/shz4115786.html
徐汇,植物园,罗秀三村,2室1厅,53平,低区/6层,3800,http://sh.lianjia.com/zufang/shz4097030.html
徐汇,上海南站,汇成五村,2室1厅,56平,低区/6层,4200,http://sh.lianjia.com/zufang/shz3989530.html
徐汇,上海南站,楼园小区,2室1厅,64平,高区/6层,4500,http://sh.lianjia.com/zufang/shz3985815.html
徐汇,华东理工,梅陇五村,2室1厅,56平,中区/6层,1600,http://sh.lianjia.com/zufang/shz3830781.html
徐汇,华泾,华泾五村,2室1厅,60平,高区/6层,3600,http://sh.lianjia.com/zufang/shz4001588.html
徐汇,华泾,馨宁公寓,2室1厅,61平,高区/29层,4700,http://sh.lianjia.com/zufang/shz3990523.html
徐汇,华东理工,梅陇九村,2室1厅,52平,低区/6层,4200,http://sh.lianjia.com/zufang/shz3978094.html
徐汇,康健,寿益坊,2室1厅,62平,高区/6层,5200,http://sh.lianjia.com/zufang/shz3952323.html
徐汇,长桥,罗秀二村,2室1厅,59平,中区/6层,4000,http://sh.lianjia.com/zufang/shz3950429.html
徐汇,上海南站,汇成一村,2室1厅,52平,中区/6层,4200,http://sh.lianjia.com/zufang/shz3942391.html
徐汇,长桥,长桥七村,2室1厅,57平,低区/6层,5000,http://sh.lianjia.com/zufang/shz3929714.html
徐汇,华东理工,梅陇路3号,2室0厅,54平,中区/5层,4000,http://sh.lianjia.com/zufang/shz3846938.html
徐汇,华东理工,梅陇九村,2室1厅,61平,高区/6层,4000,http://sh.lianjia.com/zufang/shz3841224.html
徐汇,植物园,园南二村,2室1厅,54平,低区/6层,3900,http://sh.lianjia.com/zufang/shz3765599.html
徐汇,上海南站,汇成四村,2室1厅,58平,高区/6层,4400,http://sh.lianjia.com/zufang/shz3762040.html
徐汇,长桥,长桥八村,2室1厅,57平,低区/6层,4800,http://sh.lianjia.com/zufang/shz4122579.html
徐汇,华东理工,化工一四村,2室1厅,51平,高区/5层,4800,http://sh.lianjia.com/zufang/shz4116996.html
徐汇,上海南站,汇成一村,2室1厅,59平,高区/6层,5130,http://sh.lianjia.com/zufang/shz4115786.html
徐汇,植物园,罗秀三村,2室1厅,53平,低区/6层,3800,http://sh.lianjia.com/zufang/shz4097030.html
徐汇,上海南站,汇成五村,2室1厅,56平,低区/6层,4200,http://sh.lianjia.com/zufang/shz3989530.html
徐汇,上海南站,楼园小区,2室1厅,64平,高区/6层,4500,http://sh.lianjia.com/zufang/shz3985815.html
徐汇,华东理工,梅陇五村,2室1厅,56平,中区/6层,1600,http://sh.lianjia.com/zufang/shz3830781.html
徐汇,华泾,华泾五村,2室1厅,60平,高区/6层,3600,http://sh.lianjia.com/zufang/shz4001588.html
徐汇,华泾,馨宁公寓,2室1厅,61平,高区/29层,4700,http://sh.lianjia.com/zufang/shz3990523.html
徐汇,华东理工,梅陇九村,2室1厅,52平,低区/6层,4200,http://sh.lianjia.com/zufang/shz3978094.html
徐汇,康健,寿益坊,2室1厅,62平,高区/6层,5200,http://sh.lianjia.com/zufang/shz3952323.html
徐汇,长桥,罗秀二村,2室1厅,59平,中区/6层,4000,http://sh.lianjia.com/zufang/shz3950429.html
徐汇,上海南站,汇成一村,2室1厅,52平,中区/6层,4200,http://sh.lianjia.com/zufang/shz3942391.html
徐汇,长桥,长桥七村,2室1厅,57平,低区/6层,5000,http://sh.lianjia.com/zufang/shz3929714.html
徐汇,华东理工,梅陇路3号,2室0厅,54平,中区/5层,4000,http://sh.lianjia.com/zufang/shz3846938.html
徐汇,华东理工,梅陇九村,2室1厅,61平,高区/6层,4000,http://sh.lianjia.com/zufang/shz3841224.html
徐汇,植物园,园南二村,2室1厅,54平,低区/6层,3900,http://sh.lianjia.com/zufang/shz3765599.html
徐汇,上海南站,汇成四村,2室1厅,58平,高区/6层,4400,http://sh.lianjia.com/zufang/shz3762040.html
徐汇,长桥,长桥八村,2室1厅,57平,低区/6层,4800,http://sh.lianjia.com/zufang/shz4122579.html
徐汇,华东理工,化工一四村,2室1厅,51平,高区/5层,4800,http://sh.lianjia.com/zufang/shz4116996.html
徐汇,上海南站,汇成一村,2室1厅,59平,高区/6层,5130,http://sh.lianjia.com/zufang/shz4115786.html
徐汇,植物园,罗秀三村,2室1厅,53平,低区/6层,3800,http://sh.lianjia.com/zufang/shz4097030.html
徐汇,上海南站,汇成五村,2室1厅,56平,低区/6层,4200,http://sh.lianjia.com/zufang/shz3989530.html
徐汇,上海南站,楼园小区,2室1厅,64平,高区/6层,4500,http://sh.lianjia.com/zufang/shz3985815.html
徐汇,华东理工,梅陇五村,2室1厅,56平,中区/6层,1600,http://sh.lianjia.com/zufang/shz3830781.html
徐汇,华泾,华泾五村,2室1厅,60平,高区/6层,3600,http://sh.lianjia.com/zufang/shz4001588.html
徐汇,华泾,馨宁公寓,2室1厅,61平,高区/29层,4700,http://sh.lianjia.com/zufang/shz3990523.html
徐汇,华东理工,梅陇九村,2室1厅,52平,低区/6层,4200,http://sh.lianjia.com/zufang/shz3978094.html
徐汇,康健,寿益坊,2室1厅,62平,高区/6层,5200,http://sh.lianjia.com/zufang/shz3952323.html
徐汇,长桥,罗秀二村,2室1厅,59平,中区/6层,4000,http://sh.lianjia.com/zufang/shz3950429.html
徐汇,上海南站,汇成一村,2室1厅,52平,中区/6层,4200,http://sh.lianjia.com/zufang/shz3942391.html
徐汇,长桥,长桥七村,2室1厅,57平,低区/6层,5000,http://sh.lianjia.com/zufang/shz3929714.html
徐汇,华东理工,梅陇路3号,2室0厅,54平,中区/5层,4000,http://sh.lianjia.com/zufang/shz3846938.html
徐汇,华东理工,梅陇九村,2室1厅,61平,高区/6层,4000,http://sh.lianjia.com/zufang/shz3841224.html
徐汇,植物园,园南二村,2室1厅,54平,低区/6层,3900,http://sh.lianjia.com/zufang/shz3765599.html
徐汇,上海南站,汇成四村,2室1厅,58平,高区/6层,4400,http://sh.lianjia.com/zufang/shz3762040.html
徐汇,长桥,长桥八村,2室1厅,57平,低区/6层,4800,http://sh.lianjia.com/zufang/shz4122579.html
徐汇,华东理工,化工一四村,2室1厅,51平,高区/5层,4800,http://sh.lianjia.com/zufang/shz4116996.html
徐汇,上海南站,汇成一村,2室1厅,59平,高区/6层,5130,http://sh.lianjia.com/zufang/shz4115786.html
徐汇,植物园,罗秀三村,2室1厅,53平,低区/6层,3800,http://sh.lianjia.com/zufang/shz4097030.html
徐汇,上海南站,汇成五村,2室1厅,56平,低区/6层,4200,http://sh.lianjia.com/zufang/shz3989530.html
徐汇,上海南站,楼园小区,2室1厅,64平,高区/6层,4500,http://sh.lianjia.com/zufang/shz3985815.html
徐汇,华东理工,梅陇五村,2室1厅,56平,中区/6层,1600,http://sh.lianjia.com/zufang/shz3830781.html
